{"context":"NestFactory","level":"info","message":"Starting Nest application...","timestamp":"2026-10-04T14:09:17.189Z"}
{"context":"InstanceLoader","level":"info","message":"AppModule dependencies initialized","timestamp":"2026-10-04T14:09:17.202Z"}
{"context":"InstanceLoader","level":"info","message":"PrismaModule dependencies initialized","timestamp":"2026-10-04T14:09:17.207Z"}
{"context":"InstanceLoader","level":"info","message":"PassportModule dependencies initialized","timestamp":"2026-10-04T14:09:17.237Z"}
{"context":"InstanceLoader","level":"info","message":"ConfigHostModule dependencies initialized","timestamp":"2026-10-04T14:09:17.249Z"}
{"context":"InstanceLoader","level":"info","message":"ConfigModule dependencies initialized","timestamp":"2026-10-04T14:09:17.258Z"}
{"context":"InstanceLoader","level":"info","message":"JwtModule dependencies initialized","timestamp":"2026-10-04T14:09:17.267Z"}
{"context":"InstanceLoader","level":"info","message":"JwtModule dependencies initialized","timestamp":"2026-10-04T14:09:17.348Z"}
{"context":"InstanceLoader","level":"info","message":"UsersModule dependencies initialized","timestamp":"2026-10-04T14:09:17.402Z"}
{"context":"InstanceLoader","level":"info","message":"ArtisansModule dependencies initialized","timestamp":"2026-10-04T14:09:17.515Z"}
{"context":"InstanceLoader","level":"info","message":"MarketplaceModule dependencies initialized","timestamp":"2026-10-04T14:09:17.640Z"}
{"context":"InstanceLoader","level":"info","message":"AnalyticsModule dependencies initialized","timestamp":"2026-10-04T14:09:17.920Z"}
{"context":"InstanceLoader","level":"info","message":"SyncModule dependencies initialized","timestamp":"2026-10-04T14:09:17.957Z"}
{"context":"InstanceLoader","level":"info","message":"WinstonModule dependencies initialized","timestamp":"2026-10-04T14:09:18.039Z"}
{"context":"InstanceLoader","level":"info","message":"PaymentsModule dependencies initialized","timestamp":"2026-10-04T14:09:18.111Z"}
{"context":"InstanceLoader","level":"info","message":"AuthModule dependencies initialized","timestamp":"2026-10-04T14:09:18.428Z"}
{"context":"InstanceLoader","level":"info","message":"NotificationsModule dependencies initialized","timestamp":"2026-10-04T14:09:18.589Z"}
{"context":"WebSocketsController","level":"info","message":"NotificationsGateway subscribed to the \"join_room\" message","timestamp":"2026-10-04T14:09:18.737Z"}
{"context":"RoutesResolver","level":"info","message":"AuthController {/api/v1/auth}:","timestamp":"2026-10-04T14:09:18.756Z"}
{"context":"RouterExplorer","level":"info","message":"Mapped {/api/v1/auth/register, POST} route","timestamp":"2026-10-04T14:09:18.875Z"}
{"context":"RouterExplorer","level":"info","message":"Mapped {/api/v1/auth/login, POST} route","timestamp":"2026-10-04T14:09:19.033Z"}
{"context":"RouterExplorer","level":"info","message":"Mapped {/api/v1/auth/refresh, POST} route","timestamp":"2026-10-04T14:09:19.223Z"}
{"context":"RouterExplorer","level":"info","message":"Mapped {/api/v1/auth/logout, POST} route","timestamp":"2026-10-04T14:09:19.239Z"}
{"context":"RoutesResolver","level":"info","message":"UsersController {/api/v1/users}:","timestamp":"2026-10-04T14:09:19.538Z"}
{"context":"RouterExplorer","level":"info","message":"Mapped {/api/v1/users/me, GET} route","timestamp":"2026-10-04T14:09:19.662Z"}
{"context":"RouterExplorer","level":"info","message":"Mapped {/api/v1/users/me, PATCH} route","timestamp":"2026-10-04T14:09:19.699Z"}
{"context":"RouterExplorer","level":"info","message":"Mapped {/api/v1/users/me/password, POST} route","timestamp":"2026-10-04T14:09:19.843Z"}
{"context":"RouterExplorer","level":"info","message":"Mapped {/api/v1/users/fcm-token, PATCH} route","timestamp":"2026-10-04T14:09:19.969Z"}
{"context":"RoutesResolver","level":"info","message":"ArtisansController {/api/v1/artisans}:","timestamp":"2026-10-04T14:09:20.122Z"}
{"context":"RouterExplorer","level":"info","message":"Mapped {/api/v1/artisans/profile, GET} route","timestamp":"2026-10-04T14:09:20.281Z"}
{"context":"RouterExplorer","level":"info","message":"Mapped {/api/v1/artisans/dashboard, GET} route","timestamp":"2026-10-04T14:09:20.308Z"}
{"context":"RouterExplorer","level":"info","message":"Mapped {/api/v1/artisans/profile, PATCH} route","timestamp":"2026-10-04T14:09:20.321Z"}
{"context":"RouterExplorer","level":"info","message":"Mapped {/api/v1/artisans/:id/public, GET} route","timestamp":"2026-10-04T14:09:20.433Z"}
{"context":"RoutesResolver","level":"info","message":"OrdersController {/api/v1/artisans/orders}:","timestamp":"2026-10-04T14:09:20.542Z"}
{"context":"RouterExplorer","level":"info","message":"Mapped {/api/v1/artisans/orders, GET} route","timestamp":"2026-10-04T14:09:20.593Z"}
{"context":"RouterExplorer","level":"info","message":"Mapped {/api/v1/artisans/orders/urgent, GET} route","timestamp":"2026-10-04T14:09:20.686Z"}
{"context":"RouterExplorer","level":"info","message":"Mapped {/api/v1/artisans/orders/:id, GET} route","timestamp":"2026-10-04T14:09:20.742Z"}
{"context":"RouterExplorer","level":"info","message":"Mapped {/api/v1/artisans/orders, POST} route","timestamp":"2026-10-04T14:09:20.749Z"}
{"context":"RouterExplorer","level":"info","message":"Mapped {/api/v1/artisans/orders/:id, PATCH} route","timestamp":"2026-10-04T14:09:20.752Z"}
{"context":"RouterExplorer","level":"info","message":"Mapped {/api/v1/artisans/orders/:id, DELETE} route","timestamp":"2026-10-04T14:09:20.758Z"}
{"context":"RouterExplorer","level":"info","message":"Mapped {/api/v1/artisans/orders/reminders/bulk, POST} route","timestamp":"2026-10-04T14:09:20.761Z"}
{"context":"RoutesResolver","level":"info","message":"ClientsController {/api/v1/artisans/customers}:","timestamp":"2026-10-04T14:09:20.878Z"}
{"context":"RouterExplorer","level":"info","message":"Mapped {/api/v1/artisans/customers, GET} route","timestamp":"2026-10-04T14:09:21.033Z"}
{"context":"RouterExplorer","level":"info","message":"Mapped {/api/v1/artisans/customers/:id, GET} route","timestamp":"2026-10-04T14:09:21.051Z"}
{"context":"RouterExplorer","level":"info","message":"Mapped {/api/v1/artisans/customers, POST} route","timestamp":"2026-10-04T14:09:21.059Z"}
{"context":"RouterExplorer","level":"info","message":"Mapped {/api/v1/artisans/customers/:id, PATCH} route","timestamp":"2026-10-04T14:09:21.062Z"}
{"context":"RouterExplorer","level":"info","message":"Mapped {/api/v1/artisans/customers/:id, DELETE} route","timestamp":"2026-10-04T14:09:21.229Z"}
{"context":"RouterExplorer","level":"info","message":"Mapped {/api/v1/artisans/customers/:id/measurements, PATCH} route","timestamp":"2026-10-04T14:09:21.232Z"}
{"context":"RoutesResolver","level":"info","message":"StockController {/api/v1/artisans/stock}:","timestamp":"2026-10-04T14:09:21.238Z"}
{"context":"RouterExplorer","level":"info","message":"Mapped {/api/v1/artisans/stock, GET} route","timestamp":"2026-10-04T14:09:21.372Z"}
{"context":"RouterExplorer","level":"info","message":"Mapped {/api/v1/artisans/stock/alerts, GET} route","timestamp":"2026-10-04T14:09:21.393Z"}
{"context":"RouterExplorer","level":"info","message":"Mapped {/api/v1/artisans/stock/:id, GET} route","timestamp":"2026-10-04T14:09:21.486Z"}
{"context":"RouterExplorer","level":"info","message":"Mapped {/api/v1/artisans/stock, POST} route","timestamp":"2026-10-04T14:09:21.517Z"}
{"context":"RouterExplorer","level":"info","message":"Mapped {/api/v1/artisans/stock/:id/adjust, PATCH} route","timestamp":"2026-10-04T14:09:21.544Z"}
{"context":"RouterExplorer","level":"info","message":"Mapped {/api/v1/artisans/stock/:id, PATCH} route","timestamp":"2026-10-04T14:09:21.551Z"}
{"context":"RouterExplorer","level":"info","message":"Mapped {/api/v1/artisans/stock/:id, DELETE} route","timestamp":"2026-10-04T14:09:21.678Z"}
{"context":"RoutesResolver","level":"info","message":"TransactionsController {/api/v1/artisans/transactions}:","timestamp":"2026-10-04T14:09:21.825Z"}
{"context":"RouterExplorer","level":"info","message":"Mapped {/api/v1/artisans/transactions, GET} route","timestamp":"2026-10-04T14:09:21.874Z"}
{"context":"RouterExplorer","level":"info","message":"Mapped {/api/v1/artisans/transactions/treasury, GET} route","timestamp":"2026-10-04T14:09:22.003Z"}
{"context":"RouterExplorer","level":"info","message":"Mapped {/api/v1/artisans/transactions/weekly, GET} route","timestamp":"2026-10-04T14:09:22.021Z"}
{"context":"RouterExplorer","level":"info","message":"Mapped {/api/v1/artisans/transactions/report/:year/:month, GET} route","timestamp":"2026-10-04T14:09:22.040Z"}
{"context":"RouterExplorer","level":"info","message":"Mapped {/api/v1/artisans/transactions, POST} route","timestamp":"2026-10-04T14:09:22.059Z"}
{"context":"RouterExplorer","level":"info","message":"Mapped {/api/v1/artisans/transactions/:id, DELETE} route","timestamp":"2026-10-04T14:09:22.352Z"}
{"context":"RoutesResolver","level":"info","message":"ProductsController {/api/v1/marketplace}:","timestamp":"2026-10-04T14:09:22.455Z"}
{"context":"RouterExplorer","level":"info","message":"Mapped {/api/v1/marketplace, GET} route","timestamp":"2026-10-04T14:09:22.545Z"}
{"context":"RouterExplorer","level":"info","message":"Mapped {/api/v1/marketplace/my-shop, GET} route","timestamp":"2026-10-04T14:09:22.546Z"}
{"context":"RouterExplorer","level":"info","message":"Mapped {/api/v1/marketplace/my-shop/stats, GET} route","timestamp":"2026-10-04T14:09:22.547Z"}
{"context":"RouterExplorer","level":"info","message":"Mapped {/api/v1/marketplace/products, POST} route","timestamp":"2026-10-04T14:09:22.549Z"}
{"context":"RouterExplorer","level":"info","message":"Mapped {/api/v1/marketplace/products/:id, PATCH} route","timestamp":"2026-10-04T14:09:22.556Z"}
{"context":"RouterExplorer","level":"info","message":"Mapped {/api/v1/marketplace/products/:id, DELETE} route","timestamp":"2026-10-04T14:09:22.558Z"}
{"context":"RouterExplorer","level":"info","message":"Mapped {/api/v1/marketplace/:id, GET} route","timestamp":"2026-10-04T14:09:22.559Z"}
{"context":"RoutesResolver","level":"info","message":"MarketplaceOrdersController {/api/v1/marketplace/orders}:","timestamp":"2026-10-04T14:09:22.561Z"}
{"context":"RouterExplorer","level":"info","message":"Mapped {/api/v1/marketplace/orders, GET} route","timestamp":"2026-10-04T14:09:22.562Z"}
{"context":"RouterExplorer","level":"info","message":"Mapped {/api/v1/marketplace/orders, POST} route","timestamp":"2026-10-04T14:09:22.564Z"}
{"context":"RoutesResolver","level":"info","message":"PaymentsController {/api/v1/payments}:","timestamp":"2026-10-04T14:09:22.566Z"}
{"context":"RouterExplorer","level":"info","message":"Mapped {/api/v1/payments/initiate, POST} route","timestamp":"2026-10-04T14:09:22.568Z"}
{"context":"RouterExplorer","level":"info","message":"Mapped {/api/v1/payments/webhook/wave, POST} route","timestamp":"2026-10-04T14:09:22.582Z"}
{"context":"RouterExplorer","level":"info","message":"Mapped {/api/v1/payments/webhook/orange-money, POST} route","timestamp":"2026-10-04T14:09:22.588Z"}
{"context":"RoutesResolver","level":"info","message":"NotificationsController {/api/v1/notifications}:","timestamp":"2026-10-04T14:09:22.593Z"}
{"context":"RouterExplorer","level":"info","message":"Mapped {/api/v1/notifications, GET} route","timestamp":"2026-10-04T14:09:22.602Z"}
{"context":"RouterExplorer","level":"info","message":"Mapped {/api/v1/notifications/:id/read, PATCH} route","timestamp":"2026-10-04T14:09:22.607Z"}
{"context":"RouterExplorer","level":"info","message":"Mapped {/api/v1/notifications/read-all, PATCH} route","timestamp":"2026-10-04T14:09:22.618Z"}
{"context":"RoutesResolver","level":"info","message":"AnalyticsController {/api/v1/analytics}:","timestamp":"2026-10-04T14:09:22.621Z"}
{"context":"RouterExplorer","level":"info","message":"Mapped {/api/v1/analytics/artisan, GET} route","timestamp":"2026-10-04T14:09:22.623Z"}
{"context":"RouterExplorer","level":"info","message":"Mapped {/api/v1/analytics/admin, GET} route","timestamp":"2026-10-04T14:09:22.628Z"}
{"context":"RoutesResolver","level":"info","message":"SyncController {/api/v1/sync}:","timestamp":"2026-10-04T14:09:22.636Z"}
{"context":"RouterExplorer","level":"info","message":"Mapped {/api/v1/sync/batch, POST} route","timestamp":"2026-10-04T14:09:22.641Z"}
{"context":"RouterExplorer","level":"info","message":"Mapped {/api/v1/sync/conflicts, GET} route","timestamp":"2026-10-04T14:09:22.646Z"}
{"context":"NestApplication","level":"info","message":"Nest application successfully started","timestamp":"2026-10-04T14:09:22.652Z"}
{"context":"NestFactory","level":"info","message":"Starting Nest application...","timestamp":"2026-10-04T16:12:10.345Z"}
{"context":"InstanceLoader","level":"info","message":"AppModule dependencies initialized","timestamp":"2026-10-04T16:12:10.348Z"}
{"context":"InstanceLoader","level":"info","message":"PrismaModule dependencies initialized","timestamp":"2026-10-04T16:12:10.349Z"}
{"context":"InstanceLoader","level":"info","message":"PassportModule dependencies initialized","timestamp":"2026-10-04T16:12:10.350Z"}
{"context":"InstanceLoader","level":"info","message":"ConfigHostModule dependencies initialized","timestamp":"2026-10-04T16:12:10.352Z"}
{"context":"InstanceLoader","level":"info","message":"ConfigModule dependencies initialized","timestamp":"2026-10-04T16:12:10.353Z"}
{"context":"InstanceLoader","level":"info","message":"JwtModule dependencies initialized","timestamp":"2026-10-04T16:12:10.354Z"}
{"context":"InstanceLoader","level":"info","message":"JwtModule dependencies initialized","timestamp":"2026-10-04T16:12:10.356Z"}
{"context":"InstanceLoader","level":"info","message":"UsersModule dependencies initialized","timestamp":"2026-10-04T16:12:10.358Z"}
{"context":"InstanceLoader","level":"info","message":"ArtisansModule dependencies initialized","timestamp":"2026-10-04T16:12:10.360Z"}
{"context":"InstanceLoader","level":"info","message":"MarketplaceModule dependencies initialized","timestamp":"2026-10-04T16:12:10.374Z"}
{"context":"InstanceLoader","level":"info","message":"AnalyticsModule dependencies initialized","timestamp":"2026-10-04T16:12:10.375Z"}
{"context":"InstanceLoader","level":"info","message":"SyncModule dependencies initialized","timestamp":"2026-10-04T16:12:10.376Z"}
{"context":"InstanceLoader","level":"info","message":"WinstonModule dependencies initialized","timestamp":"2026-10-04T16:12:10.377Z"}
{"context":"InstanceLoader","level":"info","message":"PaymentsModule dependencies initialized","timestamp":"2026-10-04T16:12:10.379Z"}
{"context":"InstanceLoader","level":"info","message":"AuthModule dependencies initialized","timestamp":"2026-10-04T16:12:10.379Z"}
{"context":"InstanceLoader","level":"info","message":"NotificationsModule dependencies initialized","timestamp":"2026-10-04T16:12:10.381Z"}
{"context":"WebSocketsController","level":"info","message":"NotificationsGateway subscribed to the \"join_room\" message","timestamp":"2026-10-04T16:12:10.382Z"}
{"context":"RoutesResolver","level":"info","message":"AuthController {/api/v1/auth}:","timestamp":"2026-10-04T16:12:10.383Z"}
{"context":"RouterExplorer","level":"info","message":"Mapped {/api/v1/auth/register, POST} route","timestamp":"2026-10-04T16:12:10.386Z"}
{"context":"RouterExplorer","level":"info","message":"Mapped {/api/v1/auth/login, POST} route","timestamp":"2026-10-04T16:12:10.387Z"}
{"context":"RouterExplorer","level":"info","message":"Mapped {/api/v1/auth/refresh, POST} route","timestamp":"2026-10-04T16:12:10.389Z"}
{"context":"RouterExplorer","level":"info","message":"Mapped {/api/v1/auth/logout, POST} route","timestamp":"2026-10-04T16:12:10.390Z"}
{"context":"RoutesResolver","level":"info","message":"UsersController {/api/v1/users}:","timestamp":"2026-10-04T16:12:10.392Z"}
{"context":"RouterExplorer","level":"info","message":"Mapped {/api/v1/users/me, GET} route","timestamp":"2026-10-04T16:12:10.393Z"}
{"context":"RouterExplorer","level":"info","message":"Mapped {/api/v1/users/me, PATCH} route","timestamp":"2026-10-04T16:12:10.394Z"}
{"context":"RouterExplorer","level":"info","message":"Mapped {/api/v1/users/me/password, POST} route","timestamp":"2026-10-04T16:12:10.395Z"}
{"context":"RouterExplorer","level":"info","message":"Mapped {/api/v1/users/fcm-token, PATCH} route","timestamp":"2026-10-04T16:12:10.396Z"}
{"context":"RoutesResolver","level":"info","message":"ArtisansController {/api/v1/artisans}:","timestamp":"2026-10-04T16:12:10.416Z"}
{"context":"RouterExplorer","level":"info","message":"Mapped {/api/v1/artisans/profile, GET} route","timestamp":"2026-10-04T16:12:10.425Z"}
{"context":"RouterExplorer","level":"info","message":"Mapped {/api/v1/artisans/dashboard, GET} route","timestamp":"2026-10-04T16:12:10.457Z"}
{"context":"RouterExplorer","level":"info","message":"Mapped {/api/v1/artisans/profile, PATCH} route","timestamp":"2026-10-04T16:12:10.470Z"}
{"context":"RouterExplorer","level":"info","message":"Mapped {/api/v1/artisans/:id/public, GET} route","timestamp":"2026-10-04T16:12:10.472Z"}
{"context":"RoutesResolver","level":"info","message":"OrdersController {/api/v1/artisans/orders}:","timestamp":"2026-10-04T16:12:10.475Z"}
{"context":"RouterExplorer","level":"info","message":"Mapped {/api/v1/artisans/orders, GET} route","timestamp":"2026-10-04T16:12:10.476Z"}
{"context":"RouterExplorer","level":"info","message":"Mapped {/api/v1/artisans/orders/urgent, GET} route","timestamp":"2026-10-04T16:12:10.477Z"}
{"context":"RouterExplorer","level":"info","message":"Mapped {/api/v1/artisans/orders/:id, GET} route","timestamp":"2026-10-04T16:12:10.484Z"}
{"context":"RouterExplorer","level":"info","message":"Mapped {/api/v1/artisans/orders, POST} route","timestamp":"2026-10-04T16:12:10.487Z"}
{"context":"RouterExplorer","level":"info","message":"Mapped {/api/v1/artisans/orders/:id, PATCH} route","timestamp":"2026-10-04T16:12:10.488Z"}
{"context":"RouterExplorer","level":"info","message":"Mapped {/api/v1/artisans/orders/:id, DELETE} route","timestamp":"2026-10-04T16:12:10.496Z"}
{"context":"RouterExplorer","level":"info","message":"Mapped {/api/v1/artisans/orders/reminders/bulk, POST} route","timestamp":"2026-10-04T16:12:10.498Z"}
{"context":"RoutesResolver","level":"info","message":"ClientsController {/api/v1/artisans/customers}:","timestamp":"2026-10-04T16:12:10.500Z"}
{"context":"RouterExplorer","level":"info","message":"Mapped {/api/v1/artisans/customers, GET} route","timestamp":"2026-10-04T16:12:10.586Z"}
{"context":"RouterExplorer","level":"info","message":"Mapped {/api/v1/artisans/customers/:id, GET} route","timestamp":"2026-10-04T16:12:10.591Z"}
{"context":"RouterExplorer","level":"info","message":"Mapped {/api/v1/artisans/customers, POST} route","timestamp":"2026-10-04T16:12:10.593Z"}
{"context":"RouterExplorer","level":"info","message":"Mapped {/api/v1/artisans/customers/:id, PATCH} route","timestamp":"2026-10-04T16:12:10.594Z"}
{"context":"RouterExplorer","level":"info","message":"Mapped {/api/v1/artisans/customers/:id, DELETE} route","timestamp":"2026-10-04T16:12:10.596Z"}
{"context":"RouterExplorer","level":"info","message":"Mapped {/api/v1/artisans/customers/:id/measurements, PATCH} route","timestamp":"2026-10-04T16:12:10.609Z"}
{"context":"RoutesResolver","level":"info","message":"StockController {/api/v1/artisans/stock}:","timestamp":"2026-10-04T16:12:10.610Z"}
{"context":"RouterExplorer","level":"info","message":"Mapped {/api/v1/artisans/stock, GET} route","timestamp":"2026-10-04T16:12:10.612Z"}
{"context":"RouterExplorer","level":"info","message":"Mapped {/api/v1/artisans/stock/alerts, GET} route","timestamp":"2026-10-04T16:12:10.613Z"}
{"context":"RouterExplorer","level":"info","message":"Mapped {/api/v1/artisans/stock/:id, GET} route","timestamp":"2026-10-04T16:12:10.617Z"}
{"context":"RouterExplorer","level":"info","message":"Mapped {/api/v1/artisans/stock, POST} route","timestamp":"2026-10-04T16:12:10.648Z"}
{"context":"RouterExplorer","level":"info","message":"Mapped {/api/v1/artisans/stock/:id/adjust, PATCH} route","timestamp":"2026-10-04T16:12:10.693Z"}
{"context":"RouterExplorer","level":"info","message":"Mapped {/api/v1/artisans/stock/:id, PATCH} route","timestamp":"2026-10-04T16:12:10.695Z"}
{"context":"RouterExplorer","level":"info","message":"Mapped {/api/v1/artisans/stock/:id, DELETE} route","timestamp":"2026-10-04T16:12:10.699Z"}
{"context":"RoutesResolver","level":"info","message":"TransactionsController {/api/v1/artisans/transactions}:","timestamp":"2026-10-04T16:12:10.700Z"}
{"context":"RouterExplorer","level":"info","message":"Mapped {/api/v1/artisans/transactions, GET} route","timestamp":"2026-10-04T16:12:10.704Z"}
{"context":"RouterExplorer","level":"info","message":"Mapped {/api/v1/artisans/transactions/treasury, GET} route","timestamp":"2026-10-04T16:12:10.706Z"}
{"context":"RouterExplorer","level":"info","message":"Mapped {/api/v1/artisans/transactions/weekly, GET} route","timestamp":"2026-10-04T16:12:10.708Z"}
{"context":"RouterExplorer","level":"info","message":"Mapped {/api/v1/artisans/transactions/report/:year/:month, GET} route","timestamp":"2026-10-04T16:12:10.709Z"}
{"context":"RouterExplorer","level":"info","message":"Mapped {/api/v1/artisans/transactions, POST} route","timestamp":"2026-10-04T16:12:10.714Z"}
{"context":"RouterExplorer","level":"info","message":"Mapped {/api/v1/artisans/transactions/:id, DELETE} route","timestamp":"2026-10-04T16:12:10.716Z"}
{"context":"RoutesResolver","level":"info","message":"ProductsController {/api/v1/marketplace}:","timestamp":"2026-10-04T16:12:10.718Z"}
{"context":"RouterExplorer","level":"info","message":"Mapped {/api/v1/marketplace, GET} route","timestamp":"2026-10-04T16:12:11.047Z"}
{"context":"RouterExplorer","level":"info","message":"Mapped {/api/v1/marketplace/my-shop, GET} route","timestamp":"2026-10-04T16:12:11.061Z"}
{"context":"RouterExplorer","level":"info","message":"Mapped {/api/v1/marketplace/my-shop/stats, GET} route","timestamp":"2026-10-04T16:12:11.064Z"}
{"context":"RouterExplorer","level":"info","message":"Mapped {/api/v1/marketplace/products, POST} route","timestamp":"2026-10-04T16:12:11.137Z"}
{"context":"RouterExplorer","level":"info","message":"Mapped {/api/v1/marketplace/products/:id, PATCH} route","timestamp":"2026-10-04T16:12:11.171Z"}
{"context":"RouterExplorer","level":"info","message":"Mapped {/api/v1/marketplace/products/:id, DELETE} route","timestamp":"2026-10-04T16:12:11.172Z"}
{"context":"RouterExplorer","level":"info","message":"Mapped {/api/v1/marketplace/:id, GET} route","timestamp":"2026-10-04T16:12:11.187Z"}
{"context":"RoutesResolver","level":"info","message":"MarketplaceOrdersController {/api/v1/marketplace/orders}:","timestamp":"2026-10-04T16:12:11.188Z"}
{"context":"RouterExplorer","level":"info","message":"Mapped {/api/v1/marketplace/orders, GET} route","timestamp":"2026-10-04T16:12:11.189Z"}
{"context":"RouterExplorer","level":"info","message":"Mapped {/api/v1/marketplace/orders, POST} route","timestamp":"2026-10-04T16:12:11.191Z"}
{"context":"RoutesResolver","level":"info","message":"PaymentsController {/api/v1/payments}:","timestamp":"2026-10-04T16:12:11.258Z"}
{"context":"RouterExplorer","level":"info","message":"Mapped {/api/v1/payments/initiate, POST} route","timestamp":"2026-10-04T16:12:11.283Z"}
{"context":"RouterExplorer","level":"info","message":"Mapped {/api/v1/payments/webhook/wave, POST} route","timestamp":"2026-10-04T16:12:11.289Z"}
{"context":"RouterExplorer","level":"info","message":"Mapped {/api/v1/payments/webhook/orange-money, POST} route","timestamp":"2026-10-04T16:12:11.291Z"}
{"context":"RoutesResolver","level":"info","message":"NotificationsController {/api/v1/notifications}:","timestamp":"2026-10-04T16:12:11.292Z"}
{"context":"RouterExplorer","level":"info","message":"Mapped {/api/v1/notifications, GET} route","timestamp":"2026-10-04T16:12:11.294Z"}
{"context":"RouterExplorer","level":"info","message":"Mapped {/api/v1/notifications/:id/read, PATCH} route","timestamp":"2026-10-04T16:12:11.297Z"}
{"context":"RouterExplorer","level":"info","message":"Mapped {/api/v1/notifications/read-all, PATCH} route","timestamp":"2026-10-04T16:12:11.299Z"}
{"context":"RoutesResolver","level":"info","message":"AnalyticsController {/api/v1/analytics}:","timestamp":"2026-10-04T16:12:11.300Z"}
{"context":"RouterExplorer","level":"info","message":"Mapped {/api/v1/analytics/artisan, GET} route","timestamp":"2026-10-04T16:12:11.345Z"}
{"context":"RouterExplorer","level":"info","message":"Mapped {/api/v1/analytics/admin, GET} route","timestamp":"2026-10-04T16:12:11.384Z"}
{"context":"RoutesResolver","level":"info","message":"SyncController {/api/v1/sync}:","timestamp":"2026-10-04T16:12:11.398Z"}
{"context":"RouterExplorer","level":"info","message":"Mapped {/api/v1/sync/batch, POST} route","timestamp":"2026-10-04T16:12:11.413Z"}
{"context":"RouterExplorer","level":"info","message":"Mapped {/api/v1/sync/conflicts, GET} route","timestamp":"2026-10-04T16:12:11.414Z"}
{"context":"NestApplication","level":"info","message":"Nest application successfully started","timestamp":"2026-10-04T16:12:11.416Z"}
{"context":"NestFactory","level":"info","message":"Starting Nest application...","timestamp":"2026-10-05T12:13:10.541Z"}
{"context":"InstanceLoader","level":"info","message":"AppModule dependencies initialized","timestamp":"2026-10-05T12:13:10.545Z"}
{"context":"InstanceLoader","level":"info","message":"PrismaModule dependencies initialized","timestamp":"2026-10-05T12:13:10.547Z"}
{"context":"InstanceLoader","level":"info","message":"PassportModule dependencies initialized","timestamp":"2026-10-05T12:13:10.548Z"}
{"context":"InstanceLoader","level":"info","message":"ConfigHostModule dependencies initialized","timestamp":"2026-10-05T12:13:10.550Z"}
{"context":"InstanceLoader","level":"info","message":"ConfigModule dependencies initialized","timestamp":"2026-10-05T12:13:10.552Z"}
{"context":"InstanceLoader","level":"info","message":"JwtModule dependencies initialized","timestamp":"2026-10-05T12:13:10.553Z"}
{"context":"InstanceLoader","level":"info","message":"JwtModule dependencies initialized","timestamp":"2026-10-05T12:13:10.554Z"}
{"context":"InstanceLoader","level":"info","message":"UsersModule dependencies initialized","timestamp":"2026-10-05T12:13:10.558Z"}
{"context":"InstanceLoader","level":"info","message":"ArtisansModule dependencies initialized","timestamp":"2026-10-05T12:13:10.561Z"}
{"context":"InstanceLoader","level":"info","message":"MarketplaceModule dependencies initialized","timestamp":"2026-10-05T12:13:10.562Z"}
{"context":"InstanceLoader","level":"info","message":"AnalyticsModule dependencies initialized","timestamp":"2026-10-05T12:13:10.563Z"}
{"context":"InstanceLoader","level":"info","message":"SyncModule dependencies initialized","timestamp":"2026-10-05T12:13:10.564Z"}
{"context":"InstanceLoader","level":"info","message":"WinstonModule dependencies initialized","timestamp":"2026-10-05T12:13:10.564Z"}
{"context":"InstanceLoader","level":"info","message":"PaymentsModule dependencies initialized","timestamp":"2026-10-05T12:13:10.565Z"}
{"context":"InstanceLoader","level":"info","message":"AuthModule dependencies initialized","timestamp":"2026-10-05T12:13:10.565Z"}
{"context":"InstanceLoader","level":"info","message":"NotificationsModule dependencies initialized","timestamp":"2026-10-05T12:13:10.566Z"}
{"context":"WebSocketsController","level":"info","message":"NotificationsGateway subscribed to the \"join_room\" message","timestamp":"2026-10-05T12:13:10.566Z"}
{"context":"RoutesResolver","level":"info","message":"AuthController {/api/v1/auth}:","timestamp":"2026-10-05T12:13:10.567Z"}
{"context":"RouterExplorer","level":"info","message":"Mapped {/api/v1/auth/register, POST} route","timestamp":"2026-10-05T12:13:10.567Z"}
{"context":"RouterExplorer","level":"info","message":"Mapped {/api/v1/auth/login, POST} route","timestamp":"2026-10-05T12:13:10.568Z"}
{"context":"RouterExplorer","level":"info","message":"Mapped {/api/v1/auth/refresh, POST} route","timestamp":"2026-10-05T12:13:10.569Z"}
{"context":"RouterExplorer","level":"info","message":"Mapped {/api/v1/auth/logout, POST} route","timestamp":"2026-10-05T12:13:10.569Z"}
{"context":"RoutesResolver","level":"info","message":"UsersController {/api/v1/users}:","timestamp":"2026-10-05T12:13:10.571Z"}
{"context":"RouterExplorer","level":"info","message":"Mapped {/api/v1/users/me, GET} route","timestamp":"2026-10-05T12:13:10.572Z"}
{"context":"RouterExplorer","level":"info","message":"Mapped {/api/v1/users/me, PATCH} route","timestamp":"2026-10-05T12:13:10.572Z"}
{"context":"RouterExplorer","level":"info","message":"Mapped {/api/v1/users/me/password, POST} route","timestamp":"2026-10-05T12:13:10.573Z"}
{"context":"RouterExplorer","level":"info","message":"Mapped {/api/v1/users/fcm-token, PATCH} route","timestamp":"2026-10-05T12:13:10.573Z"}
{"context":"RoutesResolver","level":"info","message":"ArtisansController {/api/v1/artisans}:","timestamp":"2026-10-05T12:13:10.575Z"}
{"context":"RouterExplorer","level":"info","message":"Mapped {/api/v1/artisans/profile, GET} route","timestamp":"2026-10-05T12:13:10.577Z"}
{"context":"RouterExplorer","level":"info","message":"Mapped {/api/v1/artisans/dashboard, GET} route","timestamp":"2026-10-05T12:13:10.578Z"}
{"context":"RouterExplorer","level":"info","message":"Mapped {/api/v1/artisans/profile, PATCH} route","timestamp":"2026-10-05T12:13:10.581Z"}
{"context":"RouterExplorer","level":"info","message":"Mapped {/api/v1/artisans/:id/public, GET} route","timestamp":"2026-10-05T12:13:10.583Z"}
{"context":"RoutesResolver","level":"info","message":"OrdersController {/api/v1/artisans/orders}:","timestamp":"2026-10-05T12:13:10.584Z"}
{"context":"RouterExplorer","level":"info","message":"Mapped {/api/v1/artisans/orders, GET} route","timestamp":"2026-10-05T12:13:10.587Z"}
{"context":"RouterExplorer","level":"info","message":"Mapped {/api/v1/artisans/orders/urgent, GET} route","timestamp":"2026-10-05T12:13:10.589Z"}
{"context":"RouterExplorer","level":"info","message":"Mapped {/api/v1/artisans/orders/:id, GET} route","timestamp":"2026-10-05T12:13:10.593Z"}
{"context":"RouterExplorer","level":"info","message":"Mapped {/api/v1/artisans/orders, POST} route","timestamp":"2026-10-05T12:13:10.594Z"}
{"context":"RouterExplorer","level":"info","message":"Mapped {/api/v1/artisans/orders/:id, PATCH} route","timestamp":"2026-10-05T12:13:10.595Z"}
{"context":"RouterExplorer","level":"info","message":"Mapped {/api/v1/artisans/orders/:id, DELETE} route","timestamp":"2026-10-05T12:13:10.596Z"}
{"context":"RouterExplorer","level":"info","message":"Mapped {/api/v1/artisans/orders/reminders/bulk, POST} route","timestamp":"2026-10-05T12:13:10.596Z"}
{"context":"RoutesResolver","level":"info","message":"ClientsController {/api/v1/artisans/customers}:","timestamp":"2026-10-05T12:13:10.597Z"}
{"context":"RouterExplorer","level":"info","message":"Mapped {/api/v1/artisans/customers, GET} route","timestamp":"2026-10-05T12:13:10.598Z"}
{"context":"RouterExplorer","level":"info","message":"Mapped {/api/v1/artisans/customers/:id, GET} route","timestamp":"2026-10-05T12:13:10.598Z"}
{"context":"RouterExplorer","level":"info","message":"Mapped {/api/v1/artisans/customers, POST} route","timestamp":"2026-10-05T12:13:10.599Z"}
{"context":"RouterExplorer","level":"info","message":"Mapped {/api/v1/artisans/customers/:id, PATCH} route","timestamp":"2026-10-05T12:13:10.601Z"}
{"context":"RouterExplorer","level":"info","message":"Mapped {/api/v1/artisans/customers/:id, DELETE} route","timestamp":"2026-10-05T12:13:10.604Z"}
{"context":"RouterExplorer","level":"info","message":"Mapped {/api/v1/artisans/customers/:id/measurements, PATCH} route","timestamp":"2026-10-05T12:13:10.605Z"}
{"context":"RoutesResolver","level":"info","message":"StockController {/api/v1/artisans/stock}:","timestamp":"2026-10-05T12:13:10.608Z"}
{"context":"RouterExplorer","level":"info","message":"Mapped {/api/v1/artisans/stock, GET} route","timestamp":"2026-10-05T12:13:10.608Z"}
{"context":"RouterExplorer","level":"info","message":"Mapped {/api/v1/artisans/stock/alerts, GET} route","timestamp":"2026-10-05T12:13:10.609Z"}
{"context":"RouterExplorer","level":"info","message":"Mapped {/api/v1/artisans/stock/:id, GET} route","timestamp":"2026-10-05T12:13:10.609Z"}
{"context":"RouterExplorer","level":"info","message":"Mapped {/api/v1/artisans/stock, POST} route","timestamp":"2026-10-05T12:13:10.610Z"}
{"context":"RouterExplorer","level":"info","message":"Mapped {/api/v1/artisans/stock/:id/adjust, PATCH} route","timestamp":"2026-10-05T12:13:10.610Z"}
{"context":"RouterExplorer","level":"info","message":"Mapped {/api/v1/artisans/stock/:id, PATCH} route","timestamp":"2026-10-05T12:13:10.611Z"}
{"context":"RouterExplorer","level":"info","message":"Mapped {/api/v1/artisans/stock/:id, DELETE} route","timestamp":"2026-10-05T12:13:10.612Z"}
{"context":"RoutesResolver","level":"info","message":"TransactionsController {/api/v1/artisans/transactions}:","timestamp":"2026-10-05T12:13:10.614Z"}
{"context":"RouterExplorer","level":"info","message":"Mapped {/api/v1/artisans/transactions, GET} route","timestamp":"2026-10-05T12:13:10.615Z"}
{"context":"RouterExplorer","level":"info","message":"Mapped {/api/v1/artisans/transactions/treasury, GET} route","timestamp":"2026-10-05T12:13:10.617Z"}
{"context":"RouterExplorer","level":"info","message":"Mapped {/api/v1/artisans/transactions/weekly, GET} route","timestamp":"2026-10-05T12:13:10.618Z"}
{"context":"RouterExplorer","level":"info","message":"Mapped {/api/v1/artisans/transactions/report/:year/:month, GET} route","timestamp":"2026-10-05T12:13:10.619Z"}
{"context":"RouterExplorer","level":"info","message":"Mapped {/api/v1/artisans/transactions, POST} route","timestamp":"2026-10-05T12:13:10.621Z"}
{"context":"RouterExplorer","level":"info","message":"Mapped {/api/v1/artisans/transactions/:id, DELETE} route","timestamp":"2026-10-05T12:13:10.621Z"}
{"context":"RoutesResolver","level":"info","message":"ProductsController {/api/v1/marketplace}:","timestamp":"2026-10-05T12:13:10.625Z"}
{"context":"RouterExplorer","level":"info","message":"Mapped {/api/v1/marketplace, GET} route","timestamp":"2026-10-05T12:13:10.625Z"}
{"context":"RouterExplorer","level":"info","message":"Mapped {/api/v1/marketplace/my-shop, GET} route","timestamp":"2026-10-05T12:13:10.626Z"}
{"context":"RouterExplorer","level":"info","message":"Mapped {/api/v1/marketplace/my-shop/stats, GET} route","timestamp":"2026-10-05T12:13:10.626Z"}
{"context":"RouterExplorer","level":"info","message":"Mapped {/api/v1/marketplace/products, POST} route","timestamp":"2026-10-05T12:13:10.627Z"}
{"context":"RouterExplorer","level":"info","message":"Mapped {/api/v1/marketplace/products/:id, PATCH} route","timestamp":"2026-10-05T12:13:10.628Z"}
{"context":"RouterExplorer","level":"info","message":"Mapped {/api/v1/marketplace/products/:id, DELETE} route","timestamp":"2026-10-05T12:13:10.628Z"}
{"context":"RouterExplorer","level":"info","message":"Mapped {/api/v1/marketplace/:id, GET} route","timestamp":"2026-10-05T12:13:10.629Z"}
{"context":"RoutesResolver","level":"info","message":"MarketplaceOrdersController {/api/v1/marketplace/orders}:","timestamp":"2026-10-05T12:13:10.629Z"}
{"context":"RouterExplorer","level":"info","message":"Mapped {/api/v1/marketplace/orders, GET} route","timestamp":"2026-10-05T12:13:10.630Z"}
{"context":"RouterExplorer","level":"info","message":"Mapped {/api/v1/marketplace/orders, POST} route","timestamp":"2026-10-05T12:13:10.630Z"}
{"context":"RoutesResolver","level":"info","message":"PaymentsController {/api/v1/payments}:","timestamp":"2026-10-05T12:13:10.631Z"}
{"context":"RouterExplorer","level":"info","message":"Mapped {/api/v1/payments/initiate, POST} route","timestamp":"2026-10-05T12:13:10.631Z"}
{"context":"RouterExplorer","level":"info","message":"Mapped {/api/v1/payments/webhook/wave, POST} route","timestamp":"2026-10-05T12:13:10.631Z"}
{"context":"RouterExplorer","level":"info","message":"Mapped {/api/v1/payments/webhook/orange-money, POST} route","timestamp":"2026-10-05T12:13:10.632Z"}
{"context":"RoutesResolver","level":"info","message":"NotificationsController {/api/v1/notifications}:","timestamp":"2026-10-05T12:13:10.635Z"}
{"context":"RouterExplorer","level":"info","message":"Mapped {/api/v1/notifications, GET} route","timestamp":"2026-10-05T12:13:10.636Z"}
{"context":"RouterExplorer","level":"info","message":"Mapped {/api/v1/notifications/:id/read, PATCH} route","timestamp":"2026-10-05T12:13:10.637Z"}
{"context":"RouterExplorer","level":"info","message":"Mapped {/api/v1/notifications/read-all, PATCH} route","timestamp":"2026-10-05T12:13:10.714Z"}
{"context":"RoutesResolver","level":"info","message":"AnalyticsController {/api/v1/analytics}:","timestamp":"2026-10-05T12:13:10.736Z"}
{"context":"RouterExplorer","level":"info","message":"Mapped {/api/v1/analytics/artisan, GET} route","timestamp":"2026-10-05T12:13:10.737Z"}
{"context":"RouterExplorer","level":"info","message":"Mapped {/api/v1/analytics/admin, GET} route","timestamp":"2026-10-05T12:13:10.739Z"}
{"context":"RoutesResolver","level":"info","message":"SyncController {/api/v1/sync}:","timestamp":"2026-10-05T12:13:10.741Z"}
{"context":"RouterExplorer","level":"info","message":"Mapped {/api/v1/sync/batch, POST} route","timestamp":"2026-10-05T12:13:10.748Z"}
{"context":"RouterExplorer","level":"info","message":"Mapped {/api/v1/sync/conflicts, GET} route","timestamp":"2026-10-05T12:13:10.751Z"}
{"context":"NestApplication","level":"info","message":"Nest application successfully started","timestamp":"2026-10-05T12:13:10.752Z"}
{"context":"AllExceptionsFilter","level":"error","message":"GET /api/v1/users/me - 401","stack":["UnauthorizedException: Unauthorized\n    at JwtAuthGuard.handleRequest (C:\\Users\\REALTECH\\Downloads\\NDOKETE-version-complete-rectifiee\\backend\\node_modules\\@nestjs\\passport\\dist\\auth.guard.js:60:30)\n    at C:\\Users\\REALTECH\\Downloads\\NDOKETE-version-complete-rectifiee\\backend\\node_modules\\@nestjs\\passport\\dist\\auth.guard.js:44:124\n    at C:\\Users\\REALTECH\\Downloads\\NDOKETE-version-complete-rectifiee\\backend\\node_modules\\@nestjs\\passport\\dist\\auth.guard.js:83:24\n    at allFailed (C:\\Users\\REALTECH\\Downloads\\NDOKETE-version-complete-rectifiee\\backend\\node_modules\\passport\\lib\\middleware\\authenticate.js:110:18)\n    at attempt (C:\\Users\\REALTECH\\Downloads\\NDOKETE-version-complete-rectifiee\\backend\\node_modules\\passport\\lib\\middleware\\authenticate.js:183:28)\n    at strategy.fail (C:\\Users\\REALTECH\\Downloads\\NDOKETE-version-complete-rectifiee\\backend\\node_modules\\passport\\lib\\middleware\\authenticate.js:314:9)\n    at C:\\Users\\REALTECH\\Downloads\\NDOKETE-version-complete-rectifiee\\backend\\node_modules\\passport-jwt\\lib\\strategy.js:106:33\n    at C:\\Users\\REALTECH\\Downloads\\NDOKETE-version-complete-rectifiee\\backend\\node_modules\\jsonwebtoken\\verify.js:190:16\n    at getSecret (C:\\Users\\REALTECH\\Downloads\\NDOKETE-version-complete-rectifiee\\backend\\node_modules\\jsonwebtoken\\verify.js:97:14)\n    at module.exports [as verify] (C:\\Users\\REALTECH\\Downloads\\NDOKETE-version-complete-rectifiee\\backend\\node_modules\\jsonwebtoken\\verify.js:101:10)"],"timestamp":"2026-10-05T12:37:49.754Z"}
{"context":"AllExceptionsFilter","level":"error","message":"GET /api/v1/users/me - 401","stack":["UnauthorizedException: Unauthorized\n    at JwtAuthGuard.handleRequest (C:\\Users\\REALTECH\\Downloads\\NDOKETE-version-complete-rectifiee\\backend\\node_modules\\@nestjs\\passport\\dist\\auth.guard.js:60:30)\n    at C:\\Users\\REALTECH\\Downloads\\NDOKETE-version-complete-rectifiee\\backend\\node_modules\\@nestjs\\passport\\dist\\auth.guard.js:44:124\n    at C:\\Users\\REALTECH\\Downloads\\NDOKETE-version-complete-rectifiee\\backend\\node_modules\\@nestjs\\passport\\dist\\auth.guard.js:83:24\n    at allFailed (C:\\Users\\REALTECH\\Downloads\\NDOKETE-version-complete-rectifiee\\backend\\node_modules\\passport\\lib\\middleware\\authenticate.js:110:18)\n    at attempt (C:\\Users\\REALTECH\\Downloads\\NDOKETE-version-complete-rectifiee\\backend\\node_modules\\passport\\lib\\middleware\\authenticate.js:183:28)\n    at strategy.fail (C:\\Users\\REALTECH\\Downloads\\NDOKETE-version-complete-rectifiee\\backend\\node_modules\\passport\\lib\\middleware\\authenticate.js:314:9)\n    at C:\\Users\\REALTECH\\Downloads\\NDOKETE-version-complete-rectifiee\\backend\\node_modules\\passport-jwt\\lib\\strategy.js:106:33\n    at C:\\Users\\REALTECH\\Downloads\\NDOKETE-version-complete-rectifiee\\backend\\node_modules\\jsonwebtoken\\verify.js:190:16\n    at getSecret (C:\\Users\\REALTECH\\Downloads\\NDOKETE-version-complete-rectifiee\\backend\\node_modules\\jsonwebtoken\\verify.js:97:14)\n    at module.exports [as verify] (C:\\Users\\REALTECH\\Downloads\\NDOKETE-version-complete-rectifiee\\backend\\node_modules\\jsonwebtoken\\verify.js:101:10)"],"timestamp":"2026-10-05T13:06:45.975Z"}
{"context":"NestFactory","level":"info","message":"Starting Nest application...","timestamp":"2026-10-05T13:16:01.948Z"}
{"context":"InstanceLoader","level":"info","message":"AppModule dependencies initialized","timestamp":"2026-10-05T13:16:01.953Z"}
{"context":"InstanceLoader","level":"info","message":"PrismaModule dependencies initialized","timestamp":"2026-10-05T13:16:01.956Z"}
{"context":"InstanceLoader","level":"info","message":"PassportModule dependencies initialized","timestamp":"2026-10-05T13:16:01.957Z"}
{"context":"InstanceLoader","level":"info","message":"ConfigHostModule dependencies initialized","timestamp":"2026-10-05T13:16:01.960Z"}
{"context":"InstanceLoader","level":"info","message":"ConfigModule dependencies initialized","timestamp":"2026-10-05T13:16:01.962Z"}
{"context":"InstanceLoader","level":"info","message":"JwtModule dependencies initialized","timestamp":"2026-10-05T13:16:01.964Z"}
{"context":"InstanceLoader","level":"info","message":"JwtModule dependencies initialized","timestamp":"2026-10-05T13:16:01.966Z"}
{"context":"InstanceLoader","level":"info","message":"UsersModule dependencies initialized","timestamp":"2026-10-05T13:16:01.972Z"}
{"context":"InstanceLoader","level":"info","message":"ArtisansModule dependencies initialized","timestamp":"2026-10-05T13:16:01.977Z"}
{"context":"InstanceLoader","level":"info","message":"MarketplaceModule dependencies initialized","timestamp":"2026-10-05T13:16:01.979Z"}
{"context":"InstanceLoader","level":"info","message":"AnalyticsModule dependencies initialized","timestamp":"2026-10-05T13:16:01.981Z"}
{"context":"InstanceLoader","level":"info","message":"SyncModule dependencies initialized","timestamp":"2026-10-05T13:16:01.982Z"}
{"context":"InstanceLoader","level":"info","message":"WinstonModule dependencies initialized","timestamp":"2026-10-05T13:16:01.984Z"}
{"context":"InstanceLoader","level":"info","message":"PaymentsModule dependencies initialized","timestamp":"2026-10-05T13:16:01.986Z"}
{"context":"InstanceLoader","level":"info","message":"AuthModule dependencies initialized","timestamp":"2026-10-05T13:16:01.988Z"}
{"context":"InstanceLoader","level":"info","message":"NotificationsModule dependencies initialized","timestamp":"2026-10-05T13:16:01.989Z"}
{"context":"WebSocketsController","level":"info","message":"NotificationsGateway subscribed to the \"join_room\" message","timestamp":"2026-10-05T13:16:01.991Z"}
{"context":"RoutesResolver","level":"info","message":"AuthController {/api/v1/auth}:","timestamp":"2026-10-05T13:16:01.992Z"}
{"context":"RouterExplorer","level":"info","message":"Mapped {/api/v1/auth/register, POST} route","timestamp":"2026-10-05T13:16:01.994Z"}
{"context":"RouterExplorer","level":"info","message":"Mapped {/api/v1/auth/login, POST} route","timestamp":"2026-10-05T13:16:01.996Z"}
{"context":"RouterExplorer","level":"info","message":"Mapped {/api/v1/auth/refresh, POST} route","timestamp":"2026-10-05T13:16:01.997Z"}
{"context":"RouterExplorer","level":"info","message":"Mapped {/api/v1/auth/logout, POST} route","timestamp":"2026-10-05T13:16:01.999Z"}
{"context":"RoutesResolver","level":"info","message":"UsersController {/api/v1/users}:","timestamp":"2026-10-05T13:16:02.001Z"}
{"context":"RouterExplorer","level":"info","message":"Mapped {/api/v1/users/me, GET} route","timestamp":"2026-10-05T13:16:02.004Z"}
{"context":"RouterExplorer","level":"info","message":"Mapped {/api/v1/users/me, PATCH} route","timestamp":"2026-10-05T13:16:02.007Z"}
{"context":"RouterExplorer","level":"info","message":"Mapped {/api/v1/users/me/password, POST} route","timestamp":"2026-10-05T13:16:02.009Z"}
{"context":"RouterExplorer","level":"info","message":"Mapped {/api/v1/users/fcm-token, PATCH} route","timestamp":"2026-10-05T13:16:02.010Z"}
{"context":"RoutesResolver","level":"info","message":"ArtisansController {/api/v1/artisans}:","timestamp":"2026-10-05T13:16:02.012Z"}
{"context":"RouterExplorer","level":"info","message":"Mapped {/api/v1/artisans/profile, GET} route","timestamp":"2026-10-05T13:16:02.014Z"}
{"context":"RouterExplorer","level":"info","message":"Mapped {/api/v1/artisans/dashboard, GET} route","timestamp":"2026-10-05T13:16:02.015Z"}
{"context":"RouterExplorer","level":"info","message":"Mapped {/api/v1/artisans/profile, PATCH} route","timestamp":"2026-10-05T13:16:02.017Z"}
{"context":"RouterExplorer","level":"info","message":"Mapped {/api/v1/artisans/:id/public, GET} route","timestamp":"2026-10-05T13:16:02.018Z"}
{"context":"RoutesResolver","level":"info","message":"OrdersController {/api/v1/artisans/orders}:","timestamp":"2026-10-05T13:16:02.019Z"}
{"context":"RouterExplorer","level":"info","message":"Mapped {/api/v1/artisans/orders, GET} route","timestamp":"2026-10-05T13:16:02.020Z"}
{"context":"RouterExplorer","level":"info","message":"Mapped {/api/v1/artisans/orders/urgent, GET} route","timestamp":"2026-10-05T13:16:02.021Z"}
{"context":"RouterExplorer","level":"info","message":"Mapped {/api/v1/artisans/orders/:id, GET} route","timestamp":"2026-10-05T13:16:02.024Z"}
{"context":"RouterExplorer","level":"info","message":"Mapped {/api/v1/artisans/orders, POST} route","timestamp":"2026-10-05T13:16:02.025Z"}
{"context":"RouterExplorer","level":"info","message":"Mapped {/api/v1/artisans/orders/:id, PATCH} route","timestamp":"2026-10-05T13:16:02.027Z"}
{"context":"RouterExplorer","level":"info","message":"Mapped {/api/v1/artisans/orders/:id, DELETE} route","timestamp":"2026-10-05T13:16:02.031Z"}
{"context":"RouterExplorer","level":"info","message":"Mapped {/api/v1/artisans/orders/reminders/bulk, POST} route","timestamp":"2026-10-05T13:16:02.032Z"}
{"context":"RoutesResolver","level":"info","message":"ClientsController {/api/v1/artisans/customers}:","timestamp":"2026-10-05T13:16:02.034Z"}
{"context":"RouterExplorer","level":"info","message":"Mapped {/api/v1/artisans/customers, GET} route","timestamp":"2026-10-05T13:16:02.035Z"}
{"context":"RouterExplorer","level":"info","message":"Mapped {/api/v1/artisans/customers/:id, GET} route","timestamp":"2026-10-05T13:16:02.036Z"}
{"context":"RouterExplorer","level":"info","message":"Mapped {/api/v1/artisans/customers, POST} route","timestamp":"2026-10-05T13:16:02.037Z"}
{"context":"RouterExplorer","level":"info","message":"Mapped {/api/v1/artisans/customers/:id, PATCH} route","timestamp":"2026-10-05T13:16:02.039Z"}
{"context":"RouterExplorer","level":"info","message":"Mapped {/api/v1/artisans/customers/:id, DELETE} route","timestamp":"2026-10-05T13:16:02.039Z"}
{"context":"RouterExplorer","level":"info","message":"Mapped {/api/v1/artisans/customers/:id/measurements, PATCH} route","timestamp":"2026-10-05T13:16:02.040Z"}
{"context":"RoutesResolver","level":"info","message":"StockController {/api/v1/artisans/stock}:","timestamp":"2026-10-05T13:16:02.041Z"}
{"context":"RouterExplorer","level":"info","message":"Mapped {/api/v1/artisans/stock, GET} route","timestamp":"2026-10-05T13:16:02.042Z"}
{"context":"RouterExplorer","level":"info","message":"Mapped {/api/v1/artisans/stock/alerts, GET} route","timestamp":"2026-10-05T13:16:02.043Z"}
{"context":"RouterExplorer","level":"info","message":"Mapped {/api/v1/artisans/stock/:id, GET} route","timestamp":"2026-10-05T13:16:02.044Z"}
{"context":"RouterExplorer","level":"info","message":"Mapped {/api/v1/artisans/stock, POST} route","timestamp":"2026-10-05T13:16:02.045Z"}
{"context":"RouterExplorer","level":"info","message":"Mapped {/api/v1/artisans/stock/:id/adjust, PATCH} route","timestamp":"2026-10-05T13:16:02.046Z"}
{"context":"RouterExplorer","level":"info","message":"Mapped {/api/v1/artisans/stock/:id, PATCH} route","timestamp":"2026-10-05T13:16:02.047Z"}
{"context":"RouterExplorer","level":"info","message":"Mapped {/api/v1/artisans/stock/:id, DELETE} route","timestamp":"2026-10-05T13:16:02.047Z"}
{"context":"RoutesResolver","level":"info","message":"TransactionsController {/api/v1/artisans/transactions}:","timestamp":"2026-10-05T13:16:02.048Z"}
{"context":"RouterExplorer","level":"info","message":"Mapped {/api/v1/artisans/transactions, GET} route","timestamp":"2026-10-05T13:16:02.049Z"}
{"context":"RouterExplorer","level":"info","message":"Mapped {/api/v1/artisans/transactions/treasury, GET} route","timestamp":"2026-10-05T13:16:02.050Z"}
{"context":"RouterExplorer","level":"info","message":"Mapped {/api/v1/artisans/transactions/weekly, GET} route","timestamp":"2026-10-05T13:16:02.051Z"}
{"context":"RouterExplorer","level":"info","message":"Mapped {/api/v1/artisans/transactions/report/:year/:month, GET} route","timestamp":"2026-10-05T13:16:02.053Z"}
{"context":"RouterExplorer","level":"info","message":"Mapped {/api/v1/artisans/transactions, POST} route","timestamp":"2026-10-05T13:16:02.054Z"}
{"context":"RouterExplorer","level":"info","message":"Mapped {/api/v1/artisans/transactions/:id, DELETE} route","timestamp":"2026-10-05T13:16:02.055Z"}
{"context":"RoutesResolver","level":"info","message":"ProductsController {/api/v1/marketplace}:","timestamp":"2026-10-05T13:16:02.056Z"}
{"context":"RouterExplorer","level":"info","message":"Mapped {/api/v1/marketplace, GET} route","timestamp":"2026-10-05T13:16:02.058Z"}
{"context":"RouterExplorer","level":"info","message":"Mapped {/api/v1/marketplace/my-shop, GET} route","timestamp":"2026-10-05T13:16:02.061Z"}
{"context":"RouterExplorer","level":"info","message":"Mapped {/api/v1/marketplace/my-shop/stats, GET} route","timestamp":"2026-10-05T13:16:02.062Z"}
{"context":"RouterExplorer","level":"info","message":"Mapped {/api/v1/marketplace/products, POST} route","timestamp":"2026-10-05T13:16:02.063Z"}
{"context":"RouterExplorer","level":"info","message":"Mapped {/api/v1/marketplace/products/:id, PATCH} route","timestamp":"2026-10-05T13:16:02.065Z"}
{"context":"RouterExplorer","level":"info","message":"Mapped {/api/v1/marketplace/products/:id, DELETE} route","timestamp":"2026-10-05T13:16:02.066Z"}
{"context":"RouterExplorer","level":"info","message":"Mapped {/api/v1/marketplace/:id, GET} route","timestamp":"2026-10-05T13:16:02.067Z"}
{"context":"RoutesResolver","level":"info","message":"MarketplaceOrdersController {/api/v1/marketplace/orders}:","timestamp":"2026-10-05T13:16:02.069Z"}
{"context":"RouterExplorer","level":"info","message":"Mapped {/api/v1/marketplace/orders, GET} route","timestamp":"2026-10-05T13:16:02.070Z"}
{"context":"RouterExplorer","level":"info","message":"Mapped {/api/v1/marketplace/orders, POST} route","timestamp":"2026-10-05T13:16:02.071Z"}
{"context":"RoutesResolver","level":"info","message":"PaymentsController {/api/v1/payments}:","timestamp":"2026-10-05T13:16:02.072Z"}
{"context":"RouterExplorer","level":"info","message":"Mapped {/api/v1/payments/initiate, POST} route","timestamp":"2026-10-05T13:16:02.073Z"}
{"context":"RouterExplorer","level":"info","message":"Mapped {/api/v1/payments/webhook/wave, POST} route","timestamp":"2026-10-05T13:16:02.075Z"}
{"context":"RouterExplorer","level":"info","message":"Mapped {/api/v1/payments/webhook/orange-money, POST} route","timestamp":"2026-10-05T13:16:02.076Z"}
{"context":"RoutesResolver","level":"info","message":"NotificationsController {/api/v1/notifications}:","timestamp":"2026-10-05T13:16:02.077Z"}
{"context":"RouterExplorer","level":"info","message":"Mapped {/api/v1/notifications, GET} route","timestamp":"2026-10-05T13:16:02.078Z"}
{"context":"RouterExplorer","level":"info","message":"Mapped {/api/v1/notifications/:id/read, PATCH} route","timestamp":"2026-10-05T13:16:02.080Z"}
{"context":"RouterExplorer","level":"info","message":"Mapped {/api/v1/notifications/read-all, PATCH} route","timestamp":"2026-10-05T13:16:02.081Z"}
{"context":"RoutesResolver","level":"info","message":"AnalyticsController {/api/v1/analytics}:","timestamp":"2026-10-05T13:16:02.082Z"}
{"context":"RouterExplorer","level":"info","message":"Mapped {/api/v1/analytics/artisan, GET} route","timestamp":"2026-10-05T13:16:02.083Z"}
{"context":"RouterExplorer","level":"info","message":"Mapped {/api/v1/analytics/admin, GET} route","timestamp":"2026-10-05T13:16:02.084Z"}
{"context":"RoutesResolver","level":"info","message":"SyncController {/api/v1/sync}:","timestamp":"2026-10-05T13:16:02.085Z"}
{"context":"RouterExplorer","level":"info","message":"Mapped {/api/v1/sync/batch, POST} route","timestamp":"2026-10-05T13:16:02.087Z"}
{"context":"RouterExplorer","level":"info","message":"Mapped {/api/v1/sync/conflicts, GET} route","timestamp":"2026-10-05T13:16:02.088Z"}
{"context":"NestApplication","level":"info","message":"Nest application successfully started","timestamp":"2026-10-05T13:16:02.089Z"}
{"context":"AllExceptionsFilter","level":"error","message":"GET /api/v1/users/me - 401","stack":["UnauthorizedException: Unauthorized\n    at JwtAuthGuard.handleRequest (C:\\Users\\REALTECH\\Downloads\\NDOKETE-version-complete-rectifiee\\backend\\node_modules\\@nestjs\\passport\\dist\\auth.guard.js:60:30)\n    at C:\\Users\\REALTECH\\Downloads\\NDOKETE-version-complete-rectifiee\\backend\\node_modules\\@nestjs\\passport\\dist\\auth.guard.js:44:124\n    at C:\\Users\\REALTECH\\Downloads\\NDOKETE-version-complete-rectifiee\\backend\\node_modules\\@nestjs\\passport\\dist\\auth.guard.js:83:24\n    at allFailed (C:\\Users\\REALTECH\\Downloads\\NDOKETE-version-complete-rectifiee\\backend\\node_modules\\passport\\lib\\middleware\\authenticate.js:110:18)\n    at attempt (C:\\Users\\REALTECH\\Downloads\\NDOKETE-version-complete-rectifiee\\backend\\node_modules\\passport\\lib\\middleware\\authenticate.js:183:28)\n    at strategy.fail (C:\\Users\\REALTECH\\Downloads\\NDOKETE-version-complete-rectifiee\\backend\\node_modules\\passport\\lib\\middleware\\authenticate.js:314:9)\n    at C:\\Users\\REALTECH\\Downloads\\NDOKETE-version-complete-rectifiee\\backend\\node_modules\\passport-jwt\\lib\\strategy.js:106:33\n    at C:\\Users\\REALTECH\\Downloads\\NDOKETE-version-complete-rectifiee\\backend\\node_modules\\jsonwebtoken\\verify.js:190:16\n    at getSecret (C:\\Users\\REALTECH\\Downloads\\NDOKETE-version-complete-rectifiee\\backend\\node_modules\\jsonwebtoken\\verify.js:97:14)\n    at module.exports [as verify] (C:\\Users\\REALTECH\\Downloads\\NDOKETE-version-complete-rectifiee\\backend\\node_modules\\jsonwebtoken\\verify.js:101:10)"],"timestamp":"2026-10-05T13:23:37.508Z"}
{"context":"AllExceptionsFilter","level":"error","message":"GET /api/v1/users/me - 401","stack":["UnauthorizedException: Unauthorized\n    at JwtAuthGuard.handleRequest (C:\\Users\\REALTECH\\Downloads\\NDOKETE-version-complete-rectifiee\\backend\\node_modules\\@nestjs\\passport\\dist\\auth.guard.js:60:30)\n    at C:\\Users\\REALTECH\\Downloads\\NDOKETE-version-complete-rectifiee\\backend\\node_modules\\@nestjs\\passport\\dist\\auth.guard.js:44:124\n    at C:\\Users\\REALTECH\\Downloads\\NDOKETE-version-complete-rectifiee\\backend\\node_modules\\@nestjs\\passport\\dist\\auth.guard.js:83:24\n    at allFailed (C:\\Users\\REALTECH\\Downloads\\NDOKETE-version-complete-rectifiee\\backend\\node_modules\\passport\\lib\\middleware\\authenticate.js:110:18)\n    at attempt (C:\\Users\\REALTECH\\Downloads\\NDOKETE-version-complete-rectifiee\\backend\\node_modules\\passport\\lib\\middleware\\authenticate.js:183:28)\n    at strategy.fail (C:\\Users\\REALTECH\\Downloads\\NDOKETE-version-complete-rectifiee\\backend\\node_modules\\passport\\lib\\middleware\\authenticate.js:314:9)\n    at C:\\Users\\REALTECH\\Downloads\\NDOKETE-version-complete-rectifiee\\backend\\node_modules\\passport-jwt\\lib\\strategy.js:106:33\n    at C:\\Users\\REALTECH\\Downloads\\NDOKETE-version-complete-rectifiee\\backend\\node_modules\\jsonwebtoken\\verify.js:190:16\n    at getSecret (C:\\Users\\REALTECH\\Downloads\\NDOKETE-version-complete-rectifiee\\backend\\node_modules\\jsonwebtoken\\verify.js:97:14)\n    at module.exports [as verify] (C:\\Users\\REALTECH\\Downloads\\NDOKETE-version-complete-rectifiee\\backend\\node_modules\\jsonwebtoken\\verify.js:101:10)"],"timestamp":"2026-10-05T14:47:52.068Z"}
{"context":"AllExceptionsFilter","level":"error","message":"GET /api/v1/marketplace - 500","stack":["PrismaClientValidationError: \nInvalid `this.prisma.product.findMany()` invocation in\nC:\\Users\\REALTECH\\Downloads\\NDOKETE-version-complete-rectifiee\\backend\\src\\marketplace\\products\\products.service.ts:44:27\n\n  41 };\n  42 \n  43 const [products, total] = await Promise.all([\n→ 44   this.prisma.product.findMany({\n         where: {\n           status: \"ACTIF\"\n         },\n         include: {\n           artisan: {\n             select: {\n               id: true,\n               businessName: true,\n               quarter: true,\n               rating: true,\n               profilePhoto: true\n             }\n           }\n         },\n         orderBy: [\n           {\n             isVitrine: \"desc\"\n           },\n           {\n             viewCount: \"desc\"\n           }\n         ],\n         take: 20,\n       + skip: Int\n       })\n\nArgument `skip` is missing.\n    at wn (C:\\Users\\REALTECH\\Downloads\\NDOKETE-version-complete-rectifiee\\backend\\node_modules\\@prisma\\client\\runtime\\library.js:29:1363)\n    at $n.handleRequestError (C:\\Users\\REALTECH\\Downloads\\NDOKETE-version-complete-rectifiee\\backend\\node_modules\\@prisma\\client\\runtime\\library.js:121:6958)\n    at $n.handleAndLogRequestError (C:\\Users\\REALTECH\\Downloads\\NDOKETE-version-complete-rectifiee\\backend\\node_modules\\@prisma\\client\\runtime\\library.js:121:6623)\n    at $n.request (C:\\Users\\REALTECH\\Downloads\\NDOKETE-version-complete-rectifiee\\backend\\node_modules\\@prisma\\client\\runtime\\library.js:121:6307)\n    at async l (C:\\Users\\REALTECH\\Downloads\\NDOKETE-version-complete-rectifiee\\backend\\node_modules\\@prisma\\client\\runtime\\library.js:130:9633)\n    at async Promise.all (index 0)\n    at async ProductsService.getMarketplace (C:\\Users\\REALTECH\\Downloads\\NDOKETE-version-complete-rectifiee\\backend\\src\\marketplace\\products\\products.service.ts:43:31)"],"timestamp":"2026-10-05T14:57:05.442Z"}
{"context":"AllExceptionsFilter","level":"error","message":"GET /api/v1/marketplace?category=Tissage - 500","stack":["PrismaClientValidationError: \nInvalid `this.prisma.product.findMany()` invocation in\nC:\\Users\\REALTECH\\Downloads\\NDOKETE-version-complete-rectifiee\\backend\\src\\marketplace\\products\\products.service.ts:44:27\n\n  41 };\n  42 \n  43 const [products, total] = await Promise.all([\n→ 44   this.prisma.product.findMany({\n         where: {\n           status: \"ACTIF\",\n           category: \"Tissage\"\n         },\n         include: {\n           artisan: {\n             select: {\n               id: true,\n               businessName: true,\n               quarter: true,\n               rating: true,\n               profilePhoto: true\n             }\n           }\n         },\n         orderBy: [\n           {\n             isVitrine: \"desc\"\n           },\n           {\n             viewCount: \"desc\"\n           }\n         ],\n         take: 20,\n       + skip: Int\n       })\n\nArgument `skip` is missing.\n    at wn (C:\\Users\\REALTECH\\Downloads\\NDOKETE-version-complete-rectifiee\\backend\\node_modules\\@prisma\\client\\runtime\\library.js:29:1363)\n    at $n.handleRequestError (C:\\Users\\REALTECH\\Downloads\\NDOKETE-version-complete-rectifiee\\backend\\node_modules\\@prisma\\client\\runtime\\library.js:121:6958)\n    at $n.handleAndLogRequestError (C:\\Users\\REALTECH\\Downloads\\NDOKETE-version-complete-rectifiee\\backend\\node_modules\\@prisma\\client\\runtime\\library.js:121:6623)\n    at $n.request (C:\\Users\\REALTECH\\Downloads\\NDOKETE-version-complete-rectifiee\\backend\\node_modules\\@prisma\\client\\runtime\\library.js:121:6307)\n    at async l (C:\\Users\\REALTECH\\Downloads\\NDOKETE-version-complete-rectifiee\\backend\\node_modules\\@prisma\\client\\runtime\\library.js:130:9633)\n    at async Promise.all (index 0)\n    at async ProductsService.getMarketplace (C:\\Users\\REALTECH\\Downloads\\NDOKETE-version-complete-rectifiee\\backend\\src\\marketplace\\products\\products.service.ts:43:31)"],"timestamp":"2026-10-05T14:58:10.920Z"}
{"context":"AllExceptionsFilter","level":"error","message":"GET /api/v1/marketplace - 500","stack":["PrismaClientValidationError: \nInvalid `this.prisma.product.findMany()` invocation in\nC:\\Users\\REALTECH\\Downloads\\NDOKETE-version-complete-rectifiee\\backend\\src\\marketplace\\products\\products.service.ts:44:27\n\n  41 };\n  42 \n  43 const [products, total] = await Promise.all([\n→ 44   this.prisma.product.findMany({\n         where: {\n           status: \"ACTIF\"\n         },\n         include: {\n           artisan: {\n             select: {\n               id: true,\n               businessName: true,\n               quarter: true,\n               rating: true,\n               profilePhoto: true\n             }\n           }\n         },\n         orderBy: [\n           {\n             isVitrine: \"desc\"\n           },\n           {\n             viewCount: \"desc\"\n           }\n         ],\n         take: 20,\n       + skip: Int\n       })\n\nArgument `skip` is missing.\n    at wn (C:\\Users\\REALTECH\\Downloads\\NDOKETE-version-complete-rectifiee\\backend\\node_modules\\@prisma\\client\\runtime\\library.js:29:1363)\n    at $n.handleRequestError (C:\\Users\\REALTECH\\Downloads\\NDOKETE-version-complete-rectifiee\\backend\\node_modules\\@prisma\\client\\runtime\\library.js:121:6958)\n    at $n.handleAndLogRequestError (C:\\Users\\REALTECH\\Downloads\\NDOKETE-version-complete-rectifiee\\backend\\node_modules\\@prisma\\client\\runtime\\library.js:121:6623)\n    at $n.request (C:\\Users\\REALTECH\\Downloads\\NDOKETE-version-complete-rectifiee\\backend\\node_modules\\@prisma\\client\\runtime\\library.js:121:6307)\n    at async l (C:\\Users\\REALTECH\\Downloads\\NDOKETE-version-complete-rectifiee\\backend\\node_modules\\@prisma\\client\\runtime\\library.js:130:9633)\n    at async Promise.all (index 0)\n    at async ProductsService.getMarketplace (C:\\Users\\REALTECH\\Downloads\\NDOKETE-version-complete-rectifiee\\backend\\src\\marketplace\\products\\products.service.ts:43:31)"],"timestamp":"2026-10-05T14:58:12.439Z"}
{"context":"AllExceptionsFilter","level":"error","message":"POST /api/v1/auth/login - 500","stack":["PrismaClientKnownRequestError: \nInvalid `this.prisma.user.findFirst()` invocation in\nC:\\Users\\REALTECH\\Downloads\\NDOKETE-version-complete-rectifiee\\backend\\src\\auth\\auth.service.ts:90:41\n\n  87 \n  88 async login(dto: LoginDto) {\n  89   // Chercher par email ou téléphone\n→ 90   const user = await this.prisma.user.findFirst(\nCan't reach database server at `localhost:5432`\n\nPlease make sure your database server is running at `localhost:5432`.\n    at $n.handleRequestError (C:\\Users\\REALTECH\\Downloads\\NDOKETE-version-complete-rectifiee\\backend\\node_modules\\@prisma\\client\\runtime\\library.js:121:7315)\n    at $n.handleAndLogRequestError (C:\\Users\\REALTECH\\Downloads\\NDOKETE-version-complete-rectifiee\\backend\\node_modules\\@prisma\\client\\runtime\\library.js:121:6623)\n    at $n.request (C:\\Users\\REALTECH\\Downloads\\NDOKETE-version-complete-rectifiee\\backend\\node_modules\\@prisma\\client\\runtime\\library.js:121:6307)\n    at async l (C:\\Users\\REALTECH\\Downloads\\NDOKETE-version-complete-rectifiee\\backend\\node_modules\\@prisma\\client\\runtime\\library.js:130:9633)\n    at async AuthService.login (C:\\Users\\REALTECH\\Downloads\\NDOKETE-version-complete-rectifiee\\backend\\src\\auth\\auth.service.ts:90:18)"],"timestamp":"2026-10-05T14:59:45.548Z"}
{"context":"AllExceptionsFilter","level":"error","message":"GET /api/v1/artisans/dashboard - 401","stack":["UnauthorizedException: Unauthorized\n    at JwtAuthGuard.handleRequest (C:\\Users\\REALTECH\\Downloads\\NDOKETE-version-complete-rectifiee\\backend\\node_modules\\@nestjs\\passport\\dist\\auth.guard.js:60:30)\n    at C:\\Users\\REALTECH\\Downloads\\NDOKETE-version-complete-rectifiee\\backend\\node_modules\\@nestjs\\passport\\dist\\auth.guard.js:44:124\n    at C:\\Users\\REALTECH\\Downloads\\NDOKETE-version-complete-rectifiee\\backend\\node_modules\\@nestjs\\passport\\dist\\auth.guard.js:83:24\n    at allFailed (C:\\Users\\REALTECH\\Downloads\\NDOKETE-version-complete-rectifiee\\backend\\node_modules\\passport\\lib\\middleware\\authenticate.js:110:18)\n    at attempt (C:\\Users\\REALTECH\\Downloads\\NDOKETE-version-complete-rectifiee\\backend\\node_modules\\passport\\lib\\middleware\\authenticate.js:183:28)\n    at strategy.fail (C:\\Users\\REALTECH\\Downloads\\NDOKETE-version-complete-rectifiee\\backend\\node_modules\\passport\\lib\\middleware\\authenticate.js:314:9)\n    at C:\\Users\\REALTECH\\Downloads\\NDOKETE-version-complete-rectifiee\\backend\\node_modules\\passport-jwt\\lib\\strategy.js:106:33\n    at C:\\Users\\REALTECH\\Downloads\\NDOKETE-version-complete-rectifiee\\backend\\node_modules\\jsonwebtoken\\verify.js:190:16\n    at getSecret (C:\\Users\\REALTECH\\Downloads\\NDOKETE-version-complete-rectifiee\\backend\\node_modules\\jsonwebtoken\\verify.js:97:14)\n    at module.exports [as verify] (C:\\Users\\REALTECH\\Downloads\\NDOKETE-version-complete-rectifiee\\backend\\node_modules\\jsonwebtoken\\verify.js:101:10)"],"timestamp":"2026-10-05T15:22:50.974Z"}
{"context":"AllExceptionsFilter","level":"error","message":"GET /api/v1/users/me - 401","stack":["UnauthorizedException: Unauthorized\n    at JwtAuthGuard.handleRequest (C:\\Users\\REALTECH\\Downloads\\NDOKETE-version-complete-rectifiee\\backend\\node_modules\\@nestjs\\passport\\dist\\auth.guard.js:60:30)\n    at C:\\Users\\REALTECH\\Downloads\\NDOKETE-version-complete-rectifiee\\backend\\node_modules\\@nestjs\\passport\\dist\\auth.guard.js:44:124\n    at C:\\Users\\REALTECH\\Downloads\\NDOKETE-version-complete-rectifiee\\backend\\node_modules\\@nestjs\\passport\\dist\\auth.guard.js:83:24\n    at allFailed (C:\\Users\\REALTECH\\Downloads\\NDOKETE-version-complete-rectifiee\\backend\\node_modules\\passport\\lib\\middleware\\authenticate.js:110:18)\n    at attempt (C:\\Users\\REALTECH\\Downloads\\NDOKETE-version-complete-rectifiee\\backend\\node_modules\\passport\\lib\\middleware\\authenticate.js:183:28)\n    at strategy.fail (C:\\Users\\REALTECH\\Downloads\\NDOKETE-version-complete-rectifiee\\backend\\node_modules\\passport\\lib\\middleware\\authenticate.js:314:9)\n    at C:\\Users\\REALTECH\\Downloads\\NDOKETE-version-complete-rectifiee\\backend\\node_modules\\passport-jwt\\lib\\strategy.js:106:33\n    at C:\\Users\\REALTECH\\Downloads\\NDOKETE-version-complete-rectifiee\\backend\\node_modules\\jsonwebtoken\\verify.js:190:16\n    at getSecret (C:\\Users\\REALTECH\\Downloads\\NDOKETE-version-complete-rectifiee\\backend\\node_modules\\jsonwebtoken\\verify.js:97:14)\n    at module.exports [as verify] (C:\\Users\\REALTECH\\Downloads\\NDOKETE-version-complete-rectifiee\\backend\\node_modules\\jsonwebtoken\\verify.js:101:10)"],"timestamp":"2026-10-05T15:25:08.009Z"}
{"context":"AllExceptionsFilter","level":"error","message":"GET /api/v1/marketplace - 500","stack":["PrismaClientValidationError: \nInvalid `this.prisma.product.findMany()` invocation in\nC:\\Users\\REALTECH\\Downloads\\NDOKETE-version-complete-rectifiee\\backend\\src\\marketplace\\products\\products.service.ts:44:27\n\n  41 };\n  42 \n  43 const [products, total] = await Promise.all([\n→ 44   this.prisma.product.findMany({\n         where: {\n           status: \"ACTIF\"\n         },\n         include: {\n           artisan: {\n             select: {\n               id: true,\n               businessName: true,\n               quarter: true,\n               rating: true,\n               profilePhoto: true\n             }\n           }\n         },\n         orderBy: [\n           {\n             isVitrine: \"desc\"\n           },\n           {\n             viewCount: \"desc\"\n           }\n         ],\n         take: 20,\n       + skip: Int\n       })\n\nArgument `skip` is missing.\n    at wn (C:\\Users\\REALTECH\\Downloads\\NDOKETE-version-complete-rectifiee\\backend\\node_modules\\@prisma\\client\\runtime\\library.js:29:1363)\n    at $n.handleRequestError (C:\\Users\\REALTECH\\Downloads\\NDOKETE-version-complete-rectifiee\\backend\\node_modules\\@prisma\\client\\runtime\\library.js:121:6958)\n    at $n.handleAndLogRequestError (C:\\Users\\REALTECH\\Downloads\\NDOKETE-version-complete-rectifiee\\backend\\node_modules\\@prisma\\client\\runtime\\library.js:121:6623)\n    at $n.request (C:\\Users\\REALTECH\\Downloads\\NDOKETE-version-complete-rectifiee\\backend\\node_modules\\@prisma\\client\\runtime\\library.js:121:6307)\n    at async l (C:\\Users\\REALTECH\\Downloads\\NDOKETE-version-complete-rectifiee\\backend\\node_modules\\@prisma\\client\\runtime\\library.js:130:9633)\n    at async Promise.all (index 0)\n    at async ProductsService.getMarketplace (C:\\Users\\REALTECH\\Downloads\\NDOKETE-version-complete-rectifiee\\backend\\src\\marketplace\\products\\products.service.ts:43:31)"],"timestamp":"2026-10-05T15:37:41.353Z"}
{"context":"AllExceptionsFilter","level":"error","message":"GET /api/v1/marketplace - 500","stack":["PrismaClientValidationError: \nInvalid `this.prisma.product.findMany()` invocation in\nC:\\Users\\REALTECH\\Downloads\\NDOKETE-version-complete-rectifiee\\backend\\src\\marketplace\\products\\products.service.ts:44:27\n\n  41 };\n  42 \n  43 const [products, total] = await Promise.all([\n→ 44   this.prisma.product.findMany({\n         where: {\n           status: \"ACTIF\"\n         },\n         include: {\n           artisan: {\n             select: {\n               id: true,\n               businessName: true,\n               quarter: true,\n               rating: true,\n               profilePhoto: true\n             }\n           }\n         },\n         orderBy: [\n           {\n             isVitrine: \"desc\"\n           },\n           {\n             viewCount: \"desc\"\n           }\n         ],\n         take: 20,\n       + skip: Int\n       })\n\nArgument `skip` is missing.\n    at wn (C:\\Users\\REALTECH\\Downloads\\NDOKETE-version-complete-rectifiee\\backend\\node_modules\\@prisma\\client\\runtime\\library.js:29:1363)\n    at $n.handleRequestError (C:\\Users\\REALTECH\\Downloads\\NDOKETE-version-complete-rectifiee\\backend\\node_modules\\@prisma\\client\\runtime\\library.js:121:6958)\n    at $n.handleAndLogRequestError (C:\\Users\\REALTECH\\Downloads\\NDOKETE-version-complete-rectifiee\\backend\\node_modules\\@prisma\\client\\runtime\\library.js:121:6623)\n    at $n.request (C:\\Users\\REALTECH\\Downloads\\NDOKETE-version-complete-rectifiee\\backend\\node_modules\\@prisma\\client\\runtime\\library.js:121:6307)\n    at async l (C:\\Users\\REALTECH\\Downloads\\NDOKETE-version-complete-rectifiee\\backend\\node_modules\\@prisma\\client\\runtime\\library.js:130:9633)\n    at async Promise.all (index 0)\n    at async ProductsService.getMarketplace (C:\\Users\\REALTECH\\Downloads\\NDOKETE-version-complete-rectifiee\\backend\\src\\marketplace\\products\\products.service.ts:43:31)"],"timestamp":"2026-10-05T15:37:41.542Z"}
{"context":"AllExceptionsFilter","level":"error","message":"GET /api/v1/artisans/orders - 401","stack":["UnauthorizedException: Unauthorized\n    at JwtAuthGuard.handleRequest (C:\\Users\\REALTECH\\Downloads\\NDOKETE-version-complete-rectifiee\\backend\\node_modules\\@nestjs\\passport\\dist\\auth.guard.js:60:30)\n    at C:\\Users\\REALTECH\\Downloads\\NDOKETE-version-complete-rectifiee\\backend\\node_modules\\@nestjs\\passport\\dist\\auth.guard.js:44:124\n    at C:\\Users\\REALTECH\\Downloads\\NDOKETE-version-complete-rectifiee\\backend\\node_modules\\@nestjs\\passport\\dist\\auth.guard.js:83:24\n    at allFailed (C:\\Users\\REALTECH\\Downloads\\NDOKETE-version-complete-rectifiee\\backend\\node_modules\\passport\\lib\\middleware\\authenticate.js:110:18)\n    at attempt (C:\\Users\\REALTECH\\Downloads\\NDOKETE-version-complete-rectifiee\\backend\\node_modules\\passport\\lib\\middleware\\authenticate.js:183:28)\n    at strategy.fail (C:\\Users\\REALTECH\\Downloads\\NDOKETE-version-complete-rectifiee\\backend\\node_modules\\passport\\lib\\middleware\\authenticate.js:314:9)\n    at C:\\Users\\REALTECH\\Downloads\\NDOKETE-version-complete-rectifiee\\backend\\node_modules\\passport-jwt\\lib\\strategy.js:106:33\n    at C:\\Users\\REALTECH\\Downloads\\NDOKETE-version-complete-rectifiee\\backend\\node_modules\\jsonwebtoken\\verify.js:190:16\n    at getSecret (C:\\Users\\REALTECH\\Downloads\\NDOKETE-version-complete-rectifiee\\backend\\node_modules\\jsonwebtoken\\verify.js:97:14)\n    at module.exports [as verify] (C:\\Users\\REALTECH\\Downloads\\NDOKETE-version-complete-rectifiee\\backend\\node_modules\\jsonwebtoken\\verify.js:101:10)"],"timestamp":"2026-10-05T15:40:19.957Z"}
{"context":"AllExceptionsFilter","level":"error","message":"GET /api/v1/artisans/orders/urgent - 401","stack":["UnauthorizedException: Unauthorized\n    at JwtAuthGuard.handleRequest (C:\\Users\\REALTECH\\Downloads\\NDOKETE-version-complete-rectifiee\\backend\\node_modules\\@nestjs\\passport\\dist\\auth.guard.js:60:30)\n    at C:\\Users\\REALTECH\\Downloads\\NDOKETE-version-complete-rectifiee\\backend\\node_modules\\@nestjs\\passport\\dist\\auth.guard.js:44:124\n    at C:\\Users\\REALTECH\\Downloads\\NDOKETE-version-complete-rectifiee\\backend\\node_modules\\@nestjs\\passport\\dist\\auth.guard.js:83:24\n    at allFailed (C:\\Users\\REALTECH\\Downloads\\NDOKETE-version-complete-rectifiee\\backend\\node_modules\\passport\\lib\\middleware\\authenticate.js:110:18)\n    at attempt (C:\\Users\\REALTECH\\Downloads\\NDOKETE-version-complete-rectifiee\\backend\\node_modules\\passport\\lib\\middleware\\authenticate.js:183:28)\n    at strategy.fail (C:\\Users\\REALTECH\\Downloads\\NDOKETE-version-complete-rectifiee\\backend\\node_modules\\passport\\lib\\middleware\\authenticate.js:314:9)\n    at C:\\Users\\REALTECH\\Downloads\\NDOKETE-version-complete-rectifiee\\backend\\node_modules\\passport-jwt\\lib\\strategy.js:106:33\n    at C:\\Users\\REALTECH\\Downloads\\NDOKETE-version-complete-rectifiee\\backend\\node_modules\\jsonwebtoken\\verify.js:190:16\n    at getSecret (C:\\Users\\REALTECH\\Downloads\\NDOKETE-version-complete-rectifiee\\backend\\node_modules\\jsonwebtoken\\verify.js:97:14)\n    at module.exports [as verify] (C:\\Users\\REALTECH\\Downloads\\NDOKETE-version-complete-rectifiee\\backend\\node_modules\\jsonwebtoken\\verify.js:101:10)"],"timestamp":"2026-10-05T15:40:19.966Z"}
{"context":"AllExceptionsFilter","level":"error","message":"GET /api/v1/artisans/orders - 401","stack":["UnauthorizedException: Unauthorized\n    at JwtAuthGuard.handleRequest (C:\\Users\\REALTECH\\Downloads\\NDOKETE-version-complete-rectifiee\\backend\\node_modules\\@nestjs\\passport\\dist\\auth.guard.js:60:30)\n    at C:\\Users\\REALTECH\\Downloads\\NDOKETE-version-complete-rectifiee\\backend\\node_modules\\@nestjs\\passport\\dist\\auth.guard.js:44:124\n    at C:\\Users\\REALTECH\\Downloads\\NDOKETE-version-complete-rectifiee\\backend\\node_modules\\@nestjs\\passport\\dist\\auth.guard.js:83:24\n    at allFailed (C:\\Users\\REALTECH\\Downloads\\NDOKETE-version-complete-rectifiee\\backend\\node_modules\\passport\\lib\\middleware\\authenticate.js:110:18)\n    at attempt (C:\\Users\\REALTECH\\Downloads\\NDOKETE-version-complete-rectifiee\\backend\\node_modules\\passport\\lib\\middleware\\authenticate.js:183:28)\n    at strategy.fail (C:\\Users\\REALTECH\\Downloads\\NDOKETE-version-complete-rectifiee\\backend\\node_modules\\passport\\lib\\middleware\\authenticate.js:314:9)\n    at C:\\Users\\REALTECH\\Downloads\\NDOKETE-version-complete-rectifiee\\backend\\node_modules\\passport-jwt\\lib\\strategy.js:106:33\n    at C:\\Users\\REALTECH\\Downloads\\NDOKETE-version-complete-rectifiee\\backend\\node_modules\\jsonwebtoken\\verify.js:190:16\n    at getSecret (C:\\Users\\REALTECH\\Downloads\\NDOKETE-version-complete-rectifiee\\backend\\node_modules\\jsonwebtoken\\verify.js:97:14)\n    at module.exports [as verify] (C:\\Users\\REALTECH\\Downloads\\NDOKETE-version-complete-rectifiee\\backend\\node_modules\\jsonwebtoken\\verify.js:101:10)"],"timestamp":"2026-10-05T15:40:19.995Z"}
{"context":"AllExceptionsFilter","level":"error","message":"GET /api/v1/artisans/orders/urgent - 401","stack":["UnauthorizedException: Unauthorized\n    at JwtAuthGuard.handleRequest (C:\\Users\\REALTECH\\Downloads\\NDOKETE-version-complete-rectifiee\\backend\\node_modules\\@nestjs\\passport\\dist\\auth.guard.js:60:30)\n    at C:\\Users\\REALTECH\\Downloads\\NDOKETE-version-complete-rectifiee\\backend\\node_modules\\@nestjs\\passport\\dist\\auth.guard.js:44:124\n    at C:\\Users\\REALTECH\\Downloads\\NDOKETE-version-complete-rectifiee\\backend\\node_modules\\@nestjs\\passport\\dist\\auth.guard.js:83:24\n    at allFailed (C:\\Users\\REALTECH\\Downloads\\NDOKETE-version-complete-rectifiee\\backend\\node_modules\\passport\\lib\\middleware\\authenticate.js:110:18)\n    at attempt (C:\\Users\\REALTECH\\Downloads\\NDOKETE-version-complete-rectifiee\\backend\\node_modules\\passport\\lib\\middleware\\authenticate.js:183:28)\n    at strategy.fail (C:\\Users\\REALTECH\\Downloads\\NDOKETE-version-complete-rectifiee\\backend\\node_modules\\passport\\lib\\middleware\\authenticate.js:314:9)\n    at C:\\Users\\REALTECH\\Downloads\\NDOKETE-version-complete-rectifiee\\backend\\node_modules\\passport-jwt\\lib\\strategy.js:106:33\n    at C:\\Users\\REALTECH\\Downloads\\NDOKETE-version-complete-rectifiee\\backend\\node_modules\\jsonwebtoken\\verify.js:190:16\n    at getSecret (C:\\Users\\REALTECH\\Downloads\\NDOKETE-version-complete-rectifiee\\backend\\node_modules\\jsonwebtoken\\verify.js:97:14)\n    at module.exports [as verify] (C:\\Users\\REALTECH\\Downloads\\NDOKETE-version-complete-rectifiee\\backend\\node_modules\\jsonwebtoken\\verify.js:101:10)"],"timestamp":"2026-10-05T15:40:20.015Z"}
{"context":"AllExceptionsFilter","level":"error","message":"GET /api/v1/artisans/orders?status=EN_COURS - 401","stack":["UnauthorizedException: Unauthorized\n    at JwtAuthGuard.handleRequest (C:\\Users\\REALTECH\\Downloads\\NDOKETE-version-complete-rectifiee\\backend\\node_modules\\@nestjs\\passport\\dist\\auth.guard.js:60:30)\n    at C:\\Users\\REALTECH\\Downloads\\NDOKETE-version-complete-rectifiee\\backend\\node_modules\\@nestjs\\passport\\dist\\auth.guard.js:44:124\n    at C:\\Users\\REALTECH\\Downloads\\NDOKETE-version-complete-rectifiee\\backend\\node_modules\\@nestjs\\passport\\dist\\auth.guard.js:83:24\n    at allFailed (C:\\Users\\REALTECH\\Downloads\\NDOKETE-version-complete-rectifiee\\backend\\node_modules\\passport\\lib\\middleware\\authenticate.js:110:18)\n    at attempt (C:\\Users\\REALTECH\\Downloads\\NDOKETE-version-complete-rectifiee\\backend\\node_modules\\passport\\lib\\middleware\\authenticate.js:183:28)\n    at strategy.fail (C:\\Users\\REALTECH\\Downloads\\NDOKETE-version-complete-rectifiee\\backend\\node_modules\\passport\\lib\\middleware\\authenticate.js:314:9)\n    at C:\\Users\\REALTECH\\Downloads\\NDOKETE-version-complete-rectifiee\\backend\\node_modules\\passport-jwt\\lib\\strategy.js:106:33\n    at C:\\Users\\REALTECH\\Downloads\\NDOKETE-version-complete-rectifiee\\backend\\node_modules\\jsonwebtoken\\verify.js:190:16\n    at getSecret (C:\\Users\\REALTECH\\Downloads\\NDOKETE-version-complete-rectifiee\\backend\\node_modules\\jsonwebtoken\\verify.js:97:14)\n    at module.exports [as verify] (C:\\Users\\REALTECH\\Downloads\\NDOKETE-version-complete-rectifiee\\backend\\node_modules\\jsonwebtoken\\verify.js:101:10)"],"timestamp":"2026-10-05T17:06:43.861Z"}
{"context":"AllExceptionsFilter","level":"error","message":"GET /api/v1/artisans/orders/urgent - 401","stack":["UnauthorizedException: Unauthorized\n    at JwtAuthGuard.handleRequest (C:\\Users\\REALTECH\\Downloads\\NDOKETE-version-complete-rectifiee\\backend\\node_modules\\@nestjs\\passport\\dist\\auth.guard.js:60:30)\n    at C:\\Users\\REALTECH\\Downloads\\NDOKETE-version-complete-rectifiee\\backend\\node_modules\\@nestjs\\passport\\dist\\auth.guard.js:44:124\n    at C:\\Users\\REALTECH\\Downloads\\NDOKETE-version-complete-rectifiee\\backend\\node_modules\\@nestjs\\passport\\dist\\auth.guard.js:83:24\n    at allFailed (C:\\Users\\REALTECH\\Downloads\\NDOKETE-version-complete-rectifiee\\backend\\node_modules\\passport\\lib\\middleware\\authenticate.js:110:18)\n    at attempt (C:\\Users\\REALTECH\\Downloads\\NDOKETE-version-complete-rectifiee\\backend\\node_modules\\passport\\lib\\middleware\\authenticate.js:183:28)\n    at strategy.fail (C:\\Users\\REALTECH\\Downloads\\NDOKETE-version-complete-rectifiee\\backend\\node_modules\\passport\\lib\\middleware\\authenticate.js:314:9)\n    at C:\\Users\\REALTECH\\Downloads\\NDOKETE-version-complete-rectifiee\\backend\\node_modules\\passport-jwt\\lib\\strategy.js:106:33\n    at C:\\Users\\REALTECH\\Downloads\\NDOKETE-version-complete-rectifiee\\backend\\node_modules\\jsonwebtoken\\verify.js:190:16\n    at getSecret (C:\\Users\\REALTECH\\Downloads\\NDOKETE-version-complete-rectifiee\\backend\\node_modules\\jsonwebtoken\\verify.js:97:14)\n    at module.exports [as verify] (C:\\Users\\REALTECH\\Downloads\\NDOKETE-version-complete-rectifiee\\backend\\node_modules\\jsonwebtoken\\verify.js:101:10)"],"timestamp":"2026-10-05T17:06:43.887Z"}
{"context":"AllExceptionsFilter","level":"error","message":"GET /api/v1/users/me - 401","stack":["UnauthorizedException: Unauthorized\n    at JwtAuthGuard.handleRequest (C:\\Users\\REALTECH\\Downloads\\NDOKETE-version-complete-rectifiee\\backend\\node_modules\\@nestjs\\passport\\dist\\auth.guard.js:60:30)\n    at C:\\Users\\REALTECH\\Downloads\\NDOKETE-version-complete-rectifiee\\backend\\node_modules\\@nestjs\\passport\\dist\\auth.guard.js:44:124\n    at C:\\Users\\REALTECH\\Downloads\\NDOKETE-version-complete-rectifiee\\backend\\node_modules\\@nestjs\\passport\\dist\\auth.guard.js:83:24\n    at allFailed (C:\\Users\\REALTECH\\Downloads\\NDOKETE-version-complete-rectifiee\\backend\\node_modules\\passport\\lib\\middleware\\authenticate.js:110:18)\n    at attempt (C:\\Users\\REALTECH\\Downloads\\NDOKETE-version-complete-rectifiee\\backend\\node_modules\\passport\\lib\\middleware\\authenticate.js:183:28)\n    at strategy.fail (C:\\Users\\REALTECH\\Downloads\\NDOKETE-version-complete-rectifiee\\backend\\node_modules\\passport\\lib\\middleware\\authenticate.js:314:9)\n    at C:\\Users\\REALTECH\\Downloads\\NDOKETE-version-complete-rectifiee\\backend\\node_modules\\passport-jwt\\lib\\strategy.js:106:33\n    at C:\\Users\\REALTECH\\Downloads\\NDOKETE-version-complete-rectifiee\\backend\\node_modules\\jsonwebtoken\\verify.js:190:16\n    at getSecret (C:\\Users\\REALTECH\\Downloads\\NDOKETE-version-complete-rectifiee\\backend\\node_modules\\jsonwebtoken\\verify.js:97:14)\n    at module.exports [as verify] (C:\\Users\\REALTECH\\Downloads\\NDOKETE-version-complete-rectifiee\\backend\\node_modules\\jsonwebtoken\\verify.js:101:10)"],"timestamp":"2026-10-05T17:07:48.676Z"}
{"context":"AllExceptionsFilter","level":"error","message":"GET /api/v1/marketplace - 500","stack":["PrismaClientValidationError: \nInvalid `this.prisma.product.findMany()` invocation in\nC:\\Users\\REALTECH\\Downloads\\NDOKETE-version-complete-rectifiee\\backend\\src\\marketplace\\products\\products.service.ts:44:27\n\n  41 };\n  42 \n  43 const [products, total] = await Promise.all([\n→ 44   this.prisma.product.findMany({\n         where: {\n           status: \"ACTIF\"\n         },\n         include: {\n           artisan: {\n             select: {\n               id: true,\n               businessName: true,\n               quarter: true,\n               rating: true,\n               profilePhoto: true\n             }\n           }\n         },\n         orderBy: [\n           {\n             isVitrine: \"desc\"\n           },\n           {\n             viewCount: \"desc\"\n           }\n         ],\n         take: 20,\n       + skip: Int\n       })\n\nArgument `skip` is missing.\n    at wn (C:\\Users\\REALTECH\\Downloads\\NDOKETE-version-complete-rectifiee\\backend\\node_modules\\@prisma\\client\\runtime\\library.js:29:1363)\n    at $n.handleRequestError (C:\\Users\\REALTECH\\Downloads\\NDOKETE-version-complete-rectifiee\\backend\\node_modules\\@prisma\\client\\runtime\\library.js:121:6958)\n    at $n.handleAndLogRequestError (C:\\Users\\REALTECH\\Downloads\\NDOKETE-version-complete-rectifiee\\backend\\node_modules\\@prisma\\client\\runtime\\library.js:121:6623)\n    at $n.request (C:\\Users\\REALTECH\\Downloads\\NDOKETE-version-complete-rectifiee\\backend\\node_modules\\@prisma\\client\\runtime\\library.js:121:6307)\n    at async l (C:\\Users\\REALTECH\\Downloads\\NDOKETE-version-complete-rectifiee\\backend\\node_modules\\@prisma\\client\\runtime\\library.js:130:9633)\n    at async Promise.all (index 0)\n    at async ProductsService.getMarketplace (C:\\Users\\REALTECH\\Downloads\\NDOKETE-version-complete-rectifiee\\backend\\src\\marketplace\\products\\products.service.ts:43:31)"],"timestamp":"2026-10-05T17:08:38.921Z"}
{"context":"AllExceptionsFilter","level":"error","message":"GET /api/v1/marketplace?category=Tissage - 500","stack":["PrismaClientValidationError: \nInvalid `this.prisma.product.findMany()` invocation in\nC:\\Users\\REALTECH\\Downloads\\NDOKETE-version-complete-rectifiee\\backend\\src\\marketplace\\products\\products.service.ts:44:27\n\n  41 };\n  42 \n  43 const [products, total] = await Promise.all([\n→ 44   this.prisma.product.findMany({\n         where: {\n           status: \"ACTIF\",\n           category: \"Tissage\"\n         },\n         include: {\n           artisan: {\n             select: {\n               id: true,\n               businessName: true,\n               quarter: true,\n               rating: true,\n               profilePhoto: true\n             }\n           }\n         },\n         orderBy: [\n           {\n             isVitrine: \"desc\"\n           },\n           {\n             viewCount: \"desc\"\n           }\n         ],\n         take: 20,\n       + skip: Int\n       })\n\nArgument `skip` is missing.\n    at wn (C:\\Users\\REALTECH\\Downloads\\NDOKETE-version-complete-rectifiee\\backend\\node_modules\\@prisma\\client\\runtime\\library.js:29:1363)\n    at $n.handleRequestError (C:\\Users\\REALTECH\\Downloads\\NDOKETE-version-complete-rectifiee\\backend\\node_modules\\@prisma\\client\\runtime\\library.js:121:6958)\n    at $n.handleAndLogRequestError (C:\\Users\\REALTECH\\Downloads\\NDOKETE-version-complete-rectifiee\\backend\\node_modules\\@prisma\\client\\runtime\\library.js:121:6623)\n    at $n.request (C:\\Users\\REALTECH\\Downloads\\NDOKETE-version-complete-rectifiee\\backend\\node_modules\\@prisma\\client\\runtime\\library.js:121:6307)\n    at async l (C:\\Users\\REALTECH\\Downloads\\NDOKETE-version-complete-rectifiee\\backend\\node_modules\\@prisma\\client\\runtime\\library.js:130:9633)\n    at async Promise.all (index 0)\n    at async ProductsService.getMarketplace (C:\\Users\\REALTECH\\Downloads\\NDOKETE-version-complete-rectifiee\\backend\\src\\marketplace\\products\\products.service.ts:43:31)"],"timestamp":"2026-10-05T17:09:33.528Z"}
{"context":"AllExceptionsFilter","level":"error","message":"GET /api/v1/marketplace?category=Bijouterie - 500","stack":["PrismaClientValidationError: \nInvalid `this.prisma.product.findMany()` invocation in\nC:\\Users\\REALTECH\\Downloads\\NDOKETE-version-complete-rectifiee\\backend\\src\\marketplace\\products\\products.service.ts:44:27\n\n  41 };\n  42 \n  43 const [products, total] = await Promise.all([\n→ 44   this.prisma.product.findMany({\n         where: {\n           status: \"ACTIF\",\n           category: \"Bijouterie\"\n         },\n         include: {\n           artisan: {\n             select: {\n               id: true,\n               businessName: true,\n               quarter: true,\n               rating: true,\n               profilePhoto: true\n             }\n           }\n         },\n         orderBy: [\n           {\n             isVitrine: \"desc\"\n           },\n           {\n             viewCount: \"desc\"\n           }\n         ],\n         take: 20,\n       + skip: Int\n       })\n\nArgument `skip` is missing.\n    at wn (C:\\Users\\REALTECH\\Downloads\\NDOKETE-version-complete-rectifiee\\backend\\node_modules\\@prisma\\client\\runtime\\library.js:29:1363)\n    at $n.handleRequestError (C:\\Users\\REALTECH\\Downloads\\NDOKETE-version-complete-rectifiee\\backend\\node_modules\\@prisma\\client\\runtime\\library.js:121:6958)\n    at $n.handleAndLogRequestError (C:\\Users\\REALTECH\\Downloads\\NDOKETE-version-complete-rectifiee\\backend\\node_modules\\@prisma\\client\\runtime\\library.js:121:6623)\n    at $n.request (C:\\Users\\REALTECH\\Downloads\\NDOKETE-version-complete-rectifiee\\backend\\node_modules\\@prisma\\client\\runtime\\library.js:121:6307)\n    at async l (C:\\Users\\REALTECH\\Downloads\\NDOKETE-version-complete-rectifiee\\backend\\node_modules\\@prisma\\client\\runtime\\library.js:130:9633)\n    at async Promise.all (index 0)\n    at async ProductsService.getMarketplace (C:\\Users\\REALTECH\\Downloads\\NDOKETE-version-complete-rectifiee\\backend\\src\\marketplace\\products\\products.service.ts:43:31)"],"timestamp":"2026-10-05T17:09:35.242Z"}
{"context":"AllExceptionsFilter","level":"error","message":"GET /api/v1/marketplace?category=Maroquin - 500","stack":["PrismaClientValidationError: \nInvalid `this.prisma.product.findMany()` invocation in\nC:\\Users\\REALTECH\\Downloads\\NDOKETE-version-complete-rectifiee\\backend\\src\\marketplace\\products\\products.service.ts:44:27\n\n  41 };\n  42 \n  43 const [products, total] = await Promise.all([\n→ 44   this.prisma.product.findMany({\n         where: {\n           status: \"ACTIF\",\n           category: \"Maroquin\"\n         },\n         include: {\n           artisan: {\n             select: {\n               id: true,\n               businessName: true,\n               quarter: true,\n               rating: true,\n               profilePhoto: true\n             }\n           }\n         },\n         orderBy: [\n           {\n             isVitrine: \"desc\"\n           },\n           {\n             viewCount: \"desc\"\n           }\n         ],\n         take: 20,\n       + skip: Int\n       })\n\nArgument `skip` is missing.\n    at wn (C:\\Users\\REALTECH\\Downloads\\NDOKETE-version-complete-rectifiee\\backend\\node_modules\\@prisma\\client\\runtime\\library.js:29:1363)\n    at $n.handleRequestError (C:\\Users\\REALTECH\\Downloads\\NDOKETE-version-complete-rectifiee\\backend\\node_modules\\@prisma\\client\\runtime\\library.js:121:6958)\n    at $n.handleAndLogRequestError (C:\\Users\\REALTECH\\Downloads\\NDOKETE-version-complete-rectifiee\\backend\\node_modules\\@prisma\\client\\runtime\\library.js:121:6623)\n    at $n.request (C:\\Users\\REALTECH\\Downloads\\NDOKETE-version-complete-rectifiee\\backend\\node_modules\\@prisma\\client\\runtime\\library.js:121:6307)\n    at async l (C:\\Users\\REALTECH\\Downloads\\NDOKETE-version-complete-rectifiee\\backend\\node_modules\\@prisma\\client\\runtime\\library.js:130:9633)\n    at async Promise.all (index 0)\n    at async ProductsService.getMarketplace (C:\\Users\\REALTECH\\Downloads\\NDOKETE-version-complete-rectifiee\\backend\\src\\marketplace\\products\\products.service.ts:43:31)"],"timestamp":"2026-10-05T17:09:36.626Z"}
{"context":"AllExceptionsFilter","level":"error","message":"GET /api/v1/marketplace?category=Couture - 500","stack":["PrismaClientValidationError: \nInvalid `this.prisma.product.findMany()` invocation in\nC:\\Users\\REALTECH\\Downloads\\NDOKETE-version-complete-rectifiee\\backend\\src\\marketplace\\products\\products.service.ts:44:27\n\n  41 };\n  42 \n  43 const [products, total] = await Promise.all([\n→ 44   this.prisma.product.findMany({\n         where: {\n           status: \"ACTIF\",\n           category: \"Couture\"\n         },\n         include: {\n           artisan: {\n             select: {\n               id: true,\n               businessName: true,\n               quarter: true,\n               rating: true,\n               profilePhoto: true\n             }\n           }\n         },\n         orderBy: [\n           {\n             isVitrine: \"desc\"\n           },\n           {\n             viewCount: \"desc\"\n           }\n         ],\n         take: 20,\n       + skip: Int\n       })\n\nArgument `skip` is missing.\n    at wn (C:\\Users\\REALTECH\\Downloads\\NDOKETE-version-complete-rectifiee\\backend\\node_modules\\@prisma\\client\\runtime\\library.js:29:1363)\n    at $n.handleRequestError (C:\\Users\\REALTECH\\Downloads\\NDOKETE-version-complete-rectifiee\\backend\\node_modules\\@prisma\\client\\runtime\\library.js:121:6958)\n    at $n.handleAndLogRequestError (C:\\Users\\REALTECH\\Downloads\\NDOKETE-version-complete-rectifiee\\backend\\node_modules\\@prisma\\client\\runtime\\library.js:121:6623)\n    at $n.request (C:\\Users\\REALTECH\\Downloads\\NDOKETE-version-complete-rectifiee\\backend\\node_modules\\@prisma\\client\\runtime\\library.js:121:6307)\n    at async l (C:\\Users\\REALTECH\\Downloads\\NDOKETE-version-complete-rectifiee\\backend\\node_modules\\@prisma\\client\\runtime\\library.js:130:9633)\n    at async Promise.all (index 0)\n    at async ProductsService.getMarketplace (C:\\Users\\REALTECH\\Downloads\\NDOKETE-version-complete-rectifiee\\backend\\src\\marketplace\\products\\products.service.ts:43:31)"],"timestamp":"2026-10-05T17:09:37.594Z"}
{"context":"AllExceptionsFilter","level":"error","message":"GET /api/v1/marketplace?category=Poterie - 500","stack":["PrismaClientValidationError: \nInvalid `this.prisma.product.findMany()` invocation in\nC:\\Users\\REALTECH\\Downloads\\NDOKETE-version-complete-rectifiee\\backend\\src\\marketplace\\products\\products.service.ts:44:27\n\n  41 };\n  42 \n  43 const [products, total] = await Promise.all([\n→ 44   this.prisma.product.findMany({\n         where: {\n           status: \"ACTIF\",\n           category: \"Poterie\"\n         },\n         include: {\n           artisan: {\n             select: {\n               id: true,\n               businessName: true,\n               quarter: true,\n               rating: true,\n               profilePhoto: true\n             }\n           }\n         },\n         orderBy: [\n           {\n             isVitrine: \"desc\"\n           },\n           {\n             viewCount: \"desc\"\n           }\n         ],\n         take: 20,\n       + skip: Int\n       })\n\nArgument `skip` is missing.\n    at wn (C:\\Users\\REALTECH\\Downloads\\NDOKETE-version-complete-rectifiee\\backend\\node_modules\\@prisma\\client\\runtime\\library.js:29:1363)\n    at $n.handleRequestError (C:\\Users\\REALTECH\\Downloads\\NDOKETE-version-complete-rectifiee\\backend\\node_modules\\@prisma\\client\\runtime\\library.js:121:6958)\n    at $n.handleAndLogRequestError (C:\\Users\\REALTECH\\Downloads\\NDOKETE-version-complete-rectifiee\\backend\\node_modules\\@prisma\\client\\runtime\\library.js:121:6623)\n    at $n.request (C:\\Users\\REALTECH\\Downloads\\NDOKETE-version-complete-rectifiee\\backend\\node_modules\\@prisma\\client\\runtime\\library.js:121:6307)\n    at async l (C:\\Users\\REALTECH\\Downloads\\NDOKETE-version-complete-rectifiee\\backend\\node_modules\\@prisma\\client\\runtime\\library.js:130:9633)\n    at async Promise.all (index 0)\n    at async ProductsService.getMarketplace (C:\\Users\\REALTECH\\Downloads\\NDOKETE-version-complete-rectifiee\\backend\\src\\marketplace\\products\\products.service.ts:43:31)"],"timestamp":"2026-10-05T17:09:38.510Z"}
{"context":"AllExceptionsFilter","level":"error","message":"GET /api/v1/marketplace - 500","stack":["PrismaClientValidationError: \nInvalid `this.prisma.product.findMany()` invocation in\nC:\\Users\\REALTECH\\Downloads\\NDOKETE-version-complete-rectifiee\\backend\\src\\marketplace\\products\\products.service.ts:44:27\n\n  41 };\n  42 \n  43 const [products, total] = await Promise.all([\n→ 44   this.prisma.product.findMany({\n         where: {\n           status: \"ACTIF\"\n         },\n         include: {\n           artisan: {\n             select: {\n               id: true,\n               businessName: true,\n               quarter: true,\n               rating: true,\n               profilePhoto: true\n             }\n           }\n         },\n         orderBy: [\n           {\n             isVitrine: \"desc\"\n           },\n           {\n             viewCount: \"desc\"\n           }\n         ],\n         take: 20,\n       + skip: Int\n       })\n\nArgument `skip` is missing.\n    at wn (C:\\Users\\REALTECH\\Downloads\\NDOKETE-version-complete-rectifiee\\backend\\node_modules\\@prisma\\client\\runtime\\library.js:29:1363)\n    at $n.handleRequestError (C:\\Users\\REALTECH\\Downloads\\NDOKETE-version-complete-rectifiee\\backend\\node_modules\\@prisma\\client\\runtime\\library.js:121:6958)\n    at $n.handleAndLogRequestError (C:\\Users\\REALTECH\\Downloads\\NDOKETE-version-complete-rectifiee\\backend\\node_modules\\@prisma\\client\\runtime\\library.js:121:6623)\n    at $n.request (C:\\Users\\REALTECH\\Downloads\\NDOKETE-version-complete-rectifiee\\backend\\node_modules\\@prisma\\client\\runtime\\library.js:121:6307)\n    at async l (C:\\Users\\REALTECH\\Downloads\\NDOKETE-version-complete-rectifiee\\backend\\node_modules\\@prisma\\client\\runtime\\library.js:130:9633)\n    at async Promise.all (index 0)\n    at async ProductsService.getMarketplace (C:\\Users\\REALTECH\\Downloads\\NDOKETE-version-complete-rectifiee\\backend\\src\\marketplace\\products\\products.service.ts:43:31)"],"timestamp":"2026-10-05T17:09:42.342Z"}
{"context":"AllExceptionsFilter","level":"error","message":"GET /api/v1/marketplace/orders - 404","stack":["NotFoundException: Produit non trouvé\n    at ProductsService.getProductById (C:\\Users\\REALTECH\\Downloads\\NDOKETE-version-complete-rectifiee\\backend\\src\\marketplace\\products\\products.service.ts:78:25)"],"timestamp":"2026-10-05T17:09:44.113Z"}
{"context":"AllExceptionsFilter","level":"error","message":"GET /api/v1/marketplace - 500","stack":["PrismaClientValidationError: \nInvalid `this.prisma.product.findMany()` invocation in\nC:\\Users\\REALTECH\\Downloads\\NDOKETE-version-complete-rectifiee\\backend\\src\\marketplace\\products\\products.service.ts:44:27\n\n  41 };\n  42 \n  43 const [products, total] = await Promise.all([\n→ 44   this.prisma.product.findMany({\n         where: {\n           status: \"ACTIF\"\n         },\n         include: {\n           artisan: {\n             select: {\n               id: true,\n               businessName: true,\n               quarter: true,\n               rating: true,\n               profilePhoto: true\n             }\n           }\n         },\n         orderBy: [\n           {\n             isVitrine: \"desc\"\n           },\n           {\n             viewCount: \"desc\"\n           }\n         ],\n         take: 20,\n       + skip: Int\n       })\n\nArgument `skip` is missing.\n    at wn (C:\\Users\\REALTECH\\Downloads\\NDOKETE-version-complete-rectifiee\\backend\\node_modules\\@prisma\\client\\runtime\\library.js:29:1363)\n    at $n.handleRequestError (C:\\Users\\REALTECH\\Downloads\\NDOKETE-version-complete-rectifiee\\backend\\node_modules\\@prisma\\client\\runtime\\library.js:121:6958)\n    at $n.handleAndLogRequestError (C:\\Users\\REALTECH\\Downloads\\NDOKETE-version-complete-rectifiee\\backend\\node_modules\\@prisma\\client\\runtime\\library.js:121:6623)\n    at $n.request (C:\\Users\\REALTECH\\Downloads\\NDOKETE-version-complete-rectifiee\\backend\\node_modules\\@prisma\\client\\runtime\\library.js:121:6307)\n    at async l (C:\\Users\\REALTECH\\Downloads\\NDOKETE-version-complete-rectifiee\\backend\\node_modules\\@prisma\\client\\runtime\\library.js:130:9633)\n    at async Promise.all (index 0)\n    at async ProductsService.getMarketplace (C:\\Users\\REALTECH\\Downloads\\NDOKETE-version-complete-rectifiee\\backend\\src\\marketplace\\products\\products.service.ts:43:31)"],"timestamp":"2026-10-05T17:09:51.505Z"}
{"context":"AllExceptionsFilter","level":"error","message":"GET /api/v1/marketplace/orders - 404","stack":["NotFoundException: Produit non trouvé\n    at ProductsService.getProductById (C:\\Users\\REALTECH\\Downloads\\NDOKETE-version-complete-rectifiee\\backend\\src\\marketplace\\products\\products.service.ts:78:25)"],"timestamp":"2026-10-05T17:09:54.040Z"}
{"context":"AllExceptionsFilter","level":"error","message":"GET /api/v1/marketplace - 500","stack":["PrismaClientValidationError: \nInvalid `this.prisma.product.findMany()` invocation in\nC:\\Users\\REALTECH\\Downloads\\NDOKETE-version-complete-rectifiee\\backend\\src\\marketplace\\products\\products.service.ts:44:27\n\n  41 };\n  42 \n  43 const [products, total] = await Promise.all([\n→ 44   this.prisma.product.findMany({\n         where: {\n           status: \"ACTIF\"\n         },\n         include: {\n           artisan: {\n             select: {\n               id: true,\n               businessName: true,\n               quarter: true,\n               rating: true,\n               profilePhoto: true\n             }\n           }\n         },\n         orderBy: [\n           {\n             isVitrine: \"desc\"\n           },\n           {\n             viewCount: \"desc\"\n           }\n         ],\n         take: 20,\n       + skip: Int\n       })\n\nArgument `skip` is missing.\n    at wn (C:\\Users\\REALTECH\\Downloads\\NDOKETE-version-complete-rectifiee\\backend\\node_modules\\@prisma\\client\\runtime\\library.js:29:1363)\n    at $n.handleRequestError (C:\\Users\\REALTECH\\Downloads\\NDOKETE-version-complete-rectifiee\\backend\\node_modules\\@prisma\\client\\runtime\\library.js:121:6958)\n    at $n.handleAndLogRequestError (C:\\Users\\REALTECH\\Downloads\\NDOKETE-version-complete-rectifiee\\backend\\node_modules\\@prisma\\client\\runtime\\library.js:121:6623)\n    at $n.request (C:\\Users\\REALTECH\\Downloads\\NDOKETE-version-complete-rectifiee\\backend\\node_modules\\@prisma\\client\\runtime\\library.js:121:6307)\n    at async l (C:\\Users\\REALTECH\\Downloads\\NDOKETE-version-complete-rectifiee\\backend\\node_modules\\@prisma\\client\\runtime\\library.js:130:9633)\n    at async Promise.all (index 0)\n    at async ProductsService.getMarketplace (C:\\Users\\REALTECH\\Downloads\\NDOKETE-version-complete-rectifiee\\backend\\src\\marketplace\\products\\products.service.ts:43:31)"],"timestamp":"2026-10-05T17:09:58.384Z"}
{"context":"AllExceptionsFilter","level":"error","message":"GET /api/v1/marketplace - 500","stack":["PrismaClientValidationError: \nInvalid `this.prisma.product.findMany()` invocation in\nC:\\Users\\REALTECH\\Downloads\\NDOKETE-version-complete-rectifiee\\backend\\src\\marketplace\\products\\products.service.ts:44:27\n\n  41 };\n  42 \n  43 const [products, total] = await Promise.all([\n→ 44   this.prisma.product.findMany({\n         where: {\n           status: \"ACTIF\"\n         },\n         include: {\n           artisan: {\n             select: {\n               id: true,\n               businessName: true,\n               quarter: true,\n               rating: true,\n               profilePhoto: true\n             }\n           }\n         },\n         orderBy: [\n           {\n             isVitrine: \"desc\"\n           },\n           {\n             viewCount: \"desc\"\n           }\n         ],\n         take: 20,\n       + skip: Int\n       })\n\nArgument `skip` is missing.\n    at wn (C:\\Users\\REALTECH\\Downloads\\NDOKETE-version-complete-rectifiee\\backend\\node_modules\\@prisma\\client\\runtime\\library.js:29:1363)\n    at $n.handleRequestError (C:\\Users\\REALTECH\\Downloads\\NDOKETE-version-complete-rectifiee\\backend\\node_modules\\@prisma\\client\\runtime\\library.js:121:6958)\n    at $n.handleAndLogRequestError (C:\\Users\\REALTECH\\Downloads\\NDOKETE-version-complete-rectifiee\\backend\\node_modules\\@prisma\\client\\runtime\\library.js:121:6623)\n    at $n.request (C:\\Users\\REALTECH\\Downloads\\NDOKETE-version-complete-rectifiee\\backend\\node_modules\\@prisma\\client\\runtime\\library.js:121:6307)\n    at async l (C:\\Users\\REALTECH\\Downloads\\NDOKETE-version-complete-rectifiee\\backend\\node_modules\\@prisma\\client\\runtime\\library.js:130:9633)\n    at async Promise.all (index 0)\n    at async ProductsService.getMarketplace (C:\\Users\\REALTECH\\Downloads\\NDOKETE-version-complete-rectifiee\\backend\\src\\marketplace\\products\\products.service.ts:43:31)"],"timestamp":"2026-10-05T17:10:00.418Z"}
{"context":"AllExceptionsFilter","level":"error","message":"GET /api/v1/artisans/stock - 401","stack":["UnauthorizedException: Unauthorized\n    at JwtAuthGuard.handleRequest (C:\\Users\\REALTECH\\Downloads\\NDOKETE-version-complete-rectifiee\\backend\\node_modules\\@nestjs\\passport\\dist\\auth.guard.js:60:30)\n    at C:\\Users\\REALTECH\\Downloads\\NDOKETE-version-complete-rectifiee\\backend\\node_modules\\@nestjs\\passport\\dist\\auth.guard.js:44:124\n    at C:\\Users\\REALTECH\\Downloads\\NDOKETE-version-complete-rectifiee\\backend\\node_modules\\@nestjs\\passport\\dist\\auth.guard.js:83:24\n    at allFailed (C:\\Users\\REALTECH\\Downloads\\NDOKETE-version-complete-rectifiee\\backend\\node_modules\\passport\\lib\\middleware\\authenticate.js:110:18)\n    at attempt (C:\\Users\\REALTECH\\Downloads\\NDOKETE-version-complete-rectifiee\\backend\\node_modules\\passport\\lib\\middleware\\authenticate.js:183:28)\n    at strategy.fail (C:\\Users\\REALTECH\\Downloads\\NDOKETE-version-complete-rectifiee\\backend\\node_modules\\passport\\lib\\middleware\\authenticate.js:314:9)\n    at C:\\Users\\REALTECH\\Downloads\\NDOKETE-version-complete-rectifiee\\backend\\node_modules\\passport-jwt\\lib\\strategy.js:106:33\n    at C:\\Users\\REALTECH\\Downloads\\NDOKETE-version-complete-rectifiee\\backend\\node_modules\\jsonwebtoken\\verify.js:190:16\n    at getSecret (C:\\Users\\REALTECH\\Downloads\\NDOKETE-version-complete-rectifiee\\backend\\node_modules\\jsonwebtoken\\verify.js:97:14)\n    at module.exports [as verify] (C:\\Users\\REALTECH\\Downloads\\NDOKETE-version-complete-rectifiee\\backend\\node_modules\\jsonwebtoken\\verify.js:101:10)"],"timestamp":"2026-10-05T17:27:53.185Z"}
{"context":"AllExceptionsFilter","level":"error","message":"GET /api/v1/marketplace - 500","stack":["PrismaClientValidationError: \nInvalid `this.prisma.product.findMany()` invocation in\nC:\\Users\\REALTECH\\Downloads\\NDOKETE-version-complete-rectifiee\\backend\\src\\marketplace\\products\\products.service.ts:44:27\n\n  41 };\n  42 \n  43 const [products, total] = await Promise.all([\n→ 44   this.prisma.product.findMany({\n         where: {\n           status: \"ACTIF\"\n         },\n         include: {\n           artisan: {\n             select: {\n               id: true,\n               businessName: true,\n               quarter: true,\n               rating: true,\n               profilePhoto: true\n             }\n           }\n         },\n         orderBy: [\n           {\n             isVitrine: \"desc\"\n           },\n           {\n             viewCount: \"desc\"\n           }\n         ],\n         take: 20,\n       + skip: Int\n       })\n\nArgument `skip` is missing.\n    at wn (C:\\Users\\REALTECH\\Downloads\\NDOKETE-version-complete-rectifiee\\backend\\node_modules\\@prisma\\client\\runtime\\library.js:29:1363)\n    at $n.handleRequestError (C:\\Users\\REALTECH\\Downloads\\NDOKETE-version-complete-rectifiee\\backend\\node_modules\\@prisma\\client\\runtime\\library.js:121:6958)\n    at $n.handleAndLogRequestError (C:\\Users\\REALTECH\\Downloads\\NDOKETE-version-complete-rectifiee\\backend\\node_modules\\@prisma\\client\\runtime\\library.js:121:6623)\n    at $n.request (C:\\Users\\REALTECH\\Downloads\\NDOKETE-version-complete-rectifiee\\backend\\node_modules\\@prisma\\client\\runtime\\library.js:121:6307)\n    at async l (C:\\Users\\REALTECH\\Downloads\\NDOKETE-version-complete-rectifiee\\backend\\node_modules\\@prisma\\client\\runtime\\library.js:130:9633)\n    at async Promise.all (index 0)\n    at async ProductsService.getMarketplace (C:\\Users\\REALTECH\\Downloads\\NDOKETE-version-complete-rectifiee\\backend\\src\\marketplace\\products\\products.service.ts:43:31)"],"timestamp":"2026-10-05T17:31:46.938Z"}
{"context":"AllExceptionsFilter","level":"error","message":"GET /api/v1/marketplace - 500","stack":["PrismaClientValidationError: \nInvalid `this.prisma.product.findMany()` invocation in\nC:\\Users\\REALTECH\\Downloads\\NDOKETE-version-complete-rectifiee\\backend\\src\\marketplace\\products\\products.service.ts:44:27\n\n  41 };\n  42 \n  43 const [products, total] = await Promise.all([\n→ 44   this.prisma.product.findMany({\n         where: {\n           status: \"ACTIF\"\n         },\n         include: {\n           artisan: {\n             select: {\n               id: true,\n               businessName: true,\n               quarter: true,\n               rating: true,\n               profilePhoto: true\n             }\n           }\n         },\n         orderBy: [\n           {\n             isVitrine: \"desc\"\n           },\n           {\n             viewCount: \"desc\"\n           }\n         ],\n         take: 20,\n       + skip: Int\n       })\n\nArgument `skip` is missing.\n    at wn (C:\\Users\\REALTECH\\Downloads\\NDOKETE-version-complete-rectifiee\\backend\\node_modules\\@prisma\\client\\runtime\\library.js:29:1363)\n    at $n.handleRequestError (C:\\Users\\REALTECH\\Downloads\\NDOKETE-version-complete-rectifiee\\backend\\node_modules\\@prisma\\client\\runtime\\library.js:121:6958)\n    at $n.handleAndLogRequestError (C:\\Users\\REALTECH\\Downloads\\NDOKETE-version-complete-rectifiee\\backend\\node_modules\\@prisma\\client\\runtime\\library.js:121:6623)\n    at $n.request (C:\\Users\\REALTECH\\Downloads\\NDOKETE-version-complete-rectifiee\\backend\\node_modules\\@prisma\\client\\runtime\\library.js:121:6307)\n    at async l (C:\\Users\\REALTECH\\Downloads\\NDOKETE-version-complete-rectifiee\\backend\\node_modules\\@prisma\\client\\runtime\\library.js:130:9633)\n    at async Promise.all (index 0)\n    at async ProductsService.getMarketplace (C:\\Users\\REALTECH\\Downloads\\NDOKETE-version-complete-rectifiee\\backend\\src\\marketplace\\products\\products.service.ts:43:31)"],"timestamp":"2026-10-05T17:32:06.993Z"}
{"context":"AllExceptionsFilter","level":"error","message":"GET /api/v1/marketplace - 500","stack":["PrismaClientValidationError: \nInvalid `this.prisma.product.findMany()` invocation in\nC:\\Users\\REALTECH\\Downloads\\NDOKETE-version-complete-rectifiee\\backend\\src\\marketplace\\products\\products.service.ts:44:27\n\n  41 };\n  42 \n  43 const [products, total] = await Promise.all([\n→ 44   this.prisma.product.findMany({\n         where: {\n           status: \"ACTIF\"\n         },\n         include: {\n           artisan: {\n             select: {\n               id: true,\n               businessName: true,\n               quarter: true,\n               rating: true,\n               profilePhoto: true\n             }\n           }\n         },\n         orderBy: [\n           {\n             isVitrine: \"desc\"\n           },\n           {\n             viewCount: \"desc\"\n           }\n         ],\n         take: 20,\n       + skip: Int\n       })\n\nArgument `skip` is missing.\n    at wn (C:\\Users\\REALTECH\\Downloads\\NDOKETE-version-complete-rectifiee\\backend\\node_modules\\@prisma\\client\\runtime\\library.js:29:1363)\n    at $n.handleRequestError (C:\\Users\\REALTECH\\Downloads\\NDOKETE-version-complete-rectifiee\\backend\\node_modules\\@prisma\\client\\runtime\\library.js:121:6958)\n    at $n.handleAndLogRequestError (C:\\Users\\REALTECH\\Downloads\\NDOKETE-version-complete-rectifiee\\backend\\node_modules\\@prisma\\client\\runtime\\library.js:121:6623)\n    at $n.request (C:\\Users\\REALTECH\\Downloads\\NDOKETE-version-complete-rectifiee\\backend\\node_modules\\@prisma\\client\\runtime\\library.js:121:6307)\n    at async l (C:\\Users\\REALTECH\\Downloads\\NDOKETE-version-complete-rectifiee\\backend\\node_modules\\@prisma\\client\\runtime\\library.js:130:9633)\n    at async Promise.all (index 0)\n    at async ProductsService.getMarketplace (C:\\Users\\REALTECH\\Downloads\\NDOKETE-version-complete-rectifiee\\backend\\src\\marketplace\\products\\products.service.ts:43:31)"],"timestamp":"2026-10-05T17:32:43.021Z"}
{"context":"AllExceptionsFilter","level":"error","message":"GET /api/v1/marketplace - 500","stack":["PrismaClientValidationError: \nInvalid `this.prisma.product.findMany()` invocation in\nC:\\Users\\REALTECH\\Downloads\\NDOKETE-version-complete-rectifiee\\backend\\src\\marketplace\\products\\products.service.ts:44:27\n\n  41 };\n  42 \n  43 const [products, total] = await Promise.all([\n→ 44   this.prisma.product.findMany({\n         where: {\n           status: \"ACTIF\"\n         },\n         include: {\n           artisan: {\n             select: {\n               id: true,\n               businessName: true,\n               quarter: true,\n               rating: true,\n               profilePhoto: true\n             }\n           }\n         },\n         orderBy: [\n           {\n             isVitrine: \"desc\"\n           },\n           {\n             viewCount: \"desc\"\n           }\n         ],\n         take: 20,\n       + skip: Int\n       })\n\nArgument `skip` is missing.\n    at wn (C:\\Users\\REALTECH\\Downloads\\NDOKETE-version-complete-rectifiee\\backend\\node_modules\\@prisma\\client\\runtime\\library.js:29:1363)\n    at $n.handleRequestError (C:\\Users\\REALTECH\\Downloads\\NDOKETE-version-complete-rectifiee\\backend\\node_modules\\@prisma\\client\\runtime\\library.js:121:6958)\n    at $n.handleAndLogRequestError (C:\\Users\\REALTECH\\Downloads\\NDOKETE-version-complete-rectifiee\\backend\\node_modules\\@prisma\\client\\runtime\\library.js:121:6623)\n    at $n.request (C:\\Users\\REALTECH\\Downloads\\NDOKETE-version-complete-rectifiee\\backend\\node_modules\\@prisma\\client\\runtime\\library.js:121:6307)\n    at async l (C:\\Users\\REALTECH\\Downloads\\NDOKETE-version-complete-rectifiee\\backend\\node_modules\\@prisma\\client\\runtime\\library.js:130:9633)\n    at async Promise.all (index 0)\n    at async ProductsService.getMarketplace (C:\\Users\\REALTECH\\Downloads\\NDOKETE-version-complete-rectifiee\\backend\\src\\marketplace\\products\\products.service.ts:43:31)"],"timestamp":"2026-10-05T17:44:20.863Z"}
{"context":"NestFactory","level":"info","message":"Starting Nest application...","timestamp":"2026-10-06T16:11:57.823Z"}
{"context":"InstanceLoader","level":"info","message":"AppModule dependencies initialized","timestamp":"2026-10-06T16:11:57.829Z"}
{"context":"InstanceLoader","level":"info","message":"PrismaModule dependencies initialized","timestamp":"2026-10-06T16:11:57.831Z"}
{"context":"InstanceLoader","level":"info","message":"PassportModule dependencies initialized","timestamp":"2026-10-06T16:11:57.832Z"}
{"context":"InstanceLoader","level":"info","message":"ConfigHostModule dependencies initialized","timestamp":"2026-10-06T16:11:57.834Z"}
{"context":"InstanceLoader","level":"info","message":"ConfigModule dependencies initialized","timestamp":"2026-10-06T16:11:57.836Z"}
{"context":"InstanceLoader","level":"info","message":"JwtModule dependencies initialized","timestamp":"2026-10-06T16:11:57.837Z"}
{"context":"InstanceLoader","level":"info","message":"JwtModule dependencies initialized","timestamp":"2026-10-06T16:11:57.838Z"}
{"context":"InstanceLoader","level":"info","message":"UsersModule dependencies initialized","timestamp":"2026-10-06T16:11:57.840Z"}
{"context":"InstanceLoader","level":"info","message":"ArtisansModule dependencies initialized","timestamp":"2026-10-06T16:11:57.841Z"}
{"context":"InstanceLoader","level":"info","message":"MarketplaceModule dependencies initialized","timestamp":"2026-10-06T16:11:57.843Z"}
{"context":"InstanceLoader","level":"info","message":"AnalyticsModule dependencies initialized","timestamp":"2026-10-06T16:11:57.845Z"}
{"context":"InstanceLoader","level":"info","message":"SyncModule dependencies initialized","timestamp":"2026-10-06T16:11:57.846Z"}
{"context":"InstanceLoader","level":"info","message":"WinstonModule dependencies initialized","timestamp":"2026-10-06T16:11:57.846Z"}
{"context":"InstanceLoader","level":"info","message":"PaymentsModule dependencies initialized","timestamp":"2026-10-06T16:11:57.847Z"}
{"context":"InstanceLoader","level":"info","message":"AuthModule dependencies initialized","timestamp":"2026-10-06T16:11:57.848Z"}
{"context":"InstanceLoader","level":"info","message":"NotificationsModule dependencies initialized","timestamp":"2026-10-06T16:11:57.849Z"}
{"context":"WebSocketsController","level":"info","message":"NotificationsGateway subscribed to the \"join_room\" message","timestamp":"2026-10-06T16:11:57.849Z"}
{"context":"RoutesResolver","level":"info","message":"AuthController {/api/v1/auth}:","timestamp":"2026-10-06T16:11:57.850Z"}
{"context":"RouterExplorer","level":"info","message":"Mapped {/api/v1/auth/register, POST} route","timestamp":"2026-10-06T16:11:57.851Z"}
{"context":"RouterExplorer","level":"info","message":"Mapped {/api/v1/auth/login, POST} route","timestamp":"2026-10-06T16:11:57.852Z"}
{"context":"RouterExplorer","level":"info","message":"Mapped {/api/v1/auth/refresh, POST} route","timestamp":"2026-10-06T16:11:57.852Z"}
{"context":"RouterExplorer","level":"info","message":"Mapped {/api/v1/auth/logout, POST} route","timestamp":"2026-10-06T16:11:57.853Z"}
{"context":"RoutesResolver","level":"info","message":"UsersController {/api/v1/users}:","timestamp":"2026-10-06T16:11:57.854Z"}
{"context":"RouterExplorer","level":"info","message":"Mapped {/api/v1/users/me, GET} route","timestamp":"2026-10-06T16:11:57.854Z"}
{"context":"RouterExplorer","level":"info","message":"Mapped {/api/v1/users/me, PATCH} route","timestamp":"2026-10-06T16:11:57.854Z"}
{"context":"RouterExplorer","level":"info","message":"Mapped {/api/v1/users/me/password, POST} route","timestamp":"2026-10-06T16:11:57.855Z"}
{"context":"RouterExplorer","level":"info","message":"Mapped {/api/v1/users/fcm-token, PATCH} route","timestamp":"2026-10-06T16:11:57.855Z"}
{"context":"RoutesResolver","level":"info","message":"ArtisansController {/api/v1/artisans}:","timestamp":"2026-10-06T16:11:57.856Z"}
{"context":"RouterExplorer","level":"info","message":"Mapped {/api/v1/artisans/profile, GET} route","timestamp":"2026-10-06T16:11:57.856Z"}
{"context":"RouterExplorer","level":"info","message":"Mapped {/api/v1/artisans/dashboard, GET} route","timestamp":"2026-10-06T16:11:57.857Z"}
{"context":"RouterExplorer","level":"info","message":"Mapped {/api/v1/artisans/profile, PATCH} route","timestamp":"2026-10-06T16:11:57.858Z"}
{"context":"RouterExplorer","level":"info","message":"Mapped {/api/v1/artisans/:id/public, GET} route","timestamp":"2026-10-06T16:11:57.858Z"}
{"context":"RoutesResolver","level":"info","message":"OrdersController {/api/v1/artisans/orders}:","timestamp":"2026-10-06T16:11:57.859Z"}
{"context":"RouterExplorer","level":"info","message":"Mapped {/api/v1/artisans/orders, GET} route","timestamp":"2026-10-06T16:11:57.860Z"}
{"context":"RouterExplorer","level":"info","message":"Mapped {/api/v1/artisans/orders/urgent, GET} route","timestamp":"2026-10-06T16:11:57.861Z"}
{"context":"RouterExplorer","level":"info","message":"Mapped {/api/v1/artisans/orders/:id, GET} route","timestamp":"2026-10-06T16:11:57.861Z"}
{"context":"RouterExplorer","level":"info","message":"Mapped {/api/v1/artisans/orders, POST} route","timestamp":"2026-10-06T16:11:57.862Z"}
{"context":"RouterExplorer","level":"info","message":"Mapped {/api/v1/artisans/orders/:id, PATCH} route","timestamp":"2026-10-06T16:11:57.862Z"}
{"context":"RouterExplorer","level":"info","message":"Mapped {/api/v1/artisans/orders/:id, DELETE} route","timestamp":"2026-10-06T16:11:57.863Z"}
{"context":"RouterExplorer","level":"info","message":"Mapped {/api/v1/artisans/orders/reminders/bulk, POST} route","timestamp":"2026-10-06T16:11:57.864Z"}
{"context":"RoutesResolver","level":"info","message":"ClientsController {/api/v1/artisans/customers}:","timestamp":"2026-10-06T16:11:57.865Z"}
{"context":"RouterExplorer","level":"info","message":"Mapped {/api/v1/artisans/customers, GET} route","timestamp":"2026-10-06T16:11:57.866Z"}
{"context":"RouterExplorer","level":"info","message":"Mapped {/api/v1/artisans/customers/:id, GET} route","timestamp":"2026-10-06T16:11:57.866Z"}
{"context":"RouterExplorer","level":"info","message":"Mapped {/api/v1/artisans/customers, POST} route","timestamp":"2026-10-06T16:11:57.867Z"}
{"context":"RouterExplorer","level":"info","message":"Mapped {/api/v1/artisans/customers/:id, PATCH} route","timestamp":"2026-10-06T16:11:57.868Z"}
{"context":"RouterExplorer","level":"info","message":"Mapped {/api/v1/artisans/customers/:id, DELETE} route","timestamp":"2026-10-06T16:11:57.869Z"}
{"context":"RouterExplorer","level":"info","message":"Mapped {/api/v1/artisans/customers/:id/measurements, PATCH} route","timestamp":"2026-10-06T16:11:57.869Z"}
{"context":"RoutesResolver","level":"info","message":"StockController {/api/v1/artisans/stock}:","timestamp":"2026-10-06T16:11:57.870Z"}
{"context":"RouterExplorer","level":"info","message":"Mapped {/api/v1/artisans/stock, GET} route","timestamp":"2026-10-06T16:11:57.870Z"}
{"context":"RouterExplorer","level":"info","message":"Mapped {/api/v1/artisans/stock/alerts, GET} route","timestamp":"2026-10-06T16:11:57.871Z"}
{"context":"RouterExplorer","level":"info","message":"Mapped {/api/v1/artisans/stock/:id, GET} route","timestamp":"2026-10-06T16:11:57.872Z"}
{"context":"RouterExplorer","level":"info","message":"Mapped {/api/v1/artisans/stock, POST} route","timestamp":"2026-10-06T16:11:57.873Z"}
{"context":"RouterExplorer","level":"info","message":"Mapped {/api/v1/artisans/stock/:id/adjust, PATCH} route","timestamp":"2026-10-06T16:11:57.874Z"}
{"context":"RouterExplorer","level":"info","message":"Mapped {/api/v1/artisans/stock/:id, PATCH} route","timestamp":"2026-10-06T16:11:57.875Z"}
{"context":"RouterExplorer","level":"info","message":"Mapped {/api/v1/artisans/stock/:id, DELETE} route","timestamp":"2026-10-06T16:11:57.875Z"}
{"context":"RoutesResolver","level":"info","message":"TransactionsController {/api/v1/artisans/transactions}:","timestamp":"2026-10-06T16:11:57.875Z"}
{"context":"RouterExplorer","level":"info","message":"Mapped {/api/v1/artisans/transactions, GET} route","timestamp":"2026-10-06T16:11:57.876Z"}
{"context":"RouterExplorer","level":"info","message":"Mapped {/api/v1/artisans/transactions/treasury, GET} route","timestamp":"2026-10-06T16:11:57.877Z"}
{"context":"RouterExplorer","level":"info","message":"Mapped {/api/v1/artisans/transactions/weekly, GET} route","timestamp":"2026-10-06T16:11:57.878Z"}
{"context":"RouterExplorer","level":"info","message":"Mapped {/api/v1/artisans/transactions/report/:year/:month, GET} route","timestamp":"2026-10-06T16:11:57.879Z"}
{"context":"RouterExplorer","level":"info","message":"Mapped {/api/v1/artisans/transactions, POST} route","timestamp":"2026-10-06T16:11:57.879Z"}
{"context":"RouterExplorer","level":"info","message":"Mapped {/api/v1/artisans/transactions/:id, DELETE} route","timestamp":"2026-10-06T16:11:57.880Z"}
{"context":"RoutesResolver","level":"info","message":"ProductsController {/api/v1/marketplace}:","timestamp":"2026-10-06T16:11:57.881Z"}
{"context":"RouterExplorer","level":"info","message":"Mapped {/api/v1/marketplace, GET} route","timestamp":"2026-10-06T16:11:57.882Z"}
{"context":"RouterExplorer","level":"info","message":"Mapped {/api/v1/marketplace/my-shop, GET} route","timestamp":"2026-10-06T16:11:57.883Z"}
{"context":"RouterExplorer","level":"info","message":"Mapped {/api/v1/marketplace/my-shop/stats, GET} route","timestamp":"2026-10-06T16:11:57.884Z"}
{"context":"RouterExplorer","level":"info","message":"Mapped {/api/v1/marketplace/products, POST} route","timestamp":"2026-10-06T16:11:57.885Z"}
{"context":"RouterExplorer","level":"info","message":"Mapped {/api/v1/marketplace/products/:id, PATCH} route","timestamp":"2026-10-06T16:11:57.885Z"}
{"context":"RouterExplorer","level":"info","message":"Mapped {/api/v1/marketplace/products/:id, DELETE} route","timestamp":"2026-10-06T16:11:57.886Z"}
{"context":"RouterExplorer","level":"info","message":"Mapped {/api/v1/marketplace/:id, GET} route","timestamp":"2026-10-06T16:11:57.887Z"}
{"context":"RoutesResolver","level":"info","message":"MarketplaceOrdersController {/api/v1/marketplace/orders}:","timestamp":"2026-10-06T16:11:57.887Z"}
{"context":"RouterExplorer","level":"info","message":"Mapped {/api/v1/marketplace/orders, GET} route","timestamp":"2026-10-06T16:11:57.888Z"}
{"context":"RouterExplorer","level":"info","message":"Mapped {/api/v1/marketplace/orders, POST} route","timestamp":"2026-10-06T16:11:57.889Z"}
{"context":"RoutesResolver","level":"info","message":"PaymentsController {/api/v1/payments}:","timestamp":"2026-10-06T16:11:57.889Z"}
{"context":"RouterExplorer","level":"info","message":"Mapped {/api/v1/payments/initiate, POST} route","timestamp":"2026-10-06T16:11:57.890Z"}
{"context":"RouterExplorer","level":"info","message":"Mapped {/api/v1/payments/webhook/wave, POST} route","timestamp":"2026-10-06T16:11:57.890Z"}
{"context":"RouterExplorer","level":"info","message":"Mapped {/api/v1/payments/webhook/orange-money, POST} route","timestamp":"2026-10-06T16:11:57.891Z"}
{"context":"RoutesResolver","level":"info","message":"NotificationsController {/api/v1/notifications}:","timestamp":"2026-10-06T16:11:57.891Z"}
{"context":"RouterExplorer","level":"info","message":"Mapped {/api/v1/notifications, GET} route","timestamp":"2026-10-06T16:11:57.891Z"}
{"context":"RouterExplorer","level":"info","message":"Mapped {/api/v1/notifications/:id/read, PATCH} route","timestamp":"2026-10-06T16:11:57.892Z"}
{"context":"RouterExplorer","level":"info","message":"Mapped {/api/v1/notifications/read-all, PATCH} route","timestamp":"2026-10-06T16:11:57.893Z"}
{"context":"RoutesResolver","level":"info","message":"AnalyticsController {/api/v1/analytics}:","timestamp":"2026-10-06T16:11:57.893Z"}
{"context":"RouterExplorer","level":"info","message":"Mapped {/api/v1/analytics/artisan, GET} route","timestamp":"2026-10-06T16:11:57.894Z"}
{"context":"RouterExplorer","level":"info","message":"Mapped {/api/v1/analytics/admin, GET} route","timestamp":"2026-10-06T16:11:57.895Z"}
{"context":"RoutesResolver","level":"info","message":"SyncController {/api/v1/sync}:","timestamp":"2026-10-06T16:11:57.895Z"}
{"context":"RouterExplorer","level":"info","message":"Mapped {/api/v1/sync/batch, POST} route","timestamp":"2026-10-06T16:11:57.896Z"}
{"context":"RouterExplorer","level":"info","message":"Mapped {/api/v1/sync/conflicts, GET} route","timestamp":"2026-10-06T16:11:57.897Z"}
{"context":"NestApplication","level":"info","message":"Nest application successfully started","timestamp":"2026-10-06T16:11:57.897Z"}
{"context":"AllExceptionsFilter","level":"error","message":"GET /api/v1/marketplace - 500","stack":["PrismaClientValidationError: \nInvalid `this.prisma.product.findMany()` invocation in\nC:\\Users\\REALTECH\\Downloads\\NDOKETE-version-complete-rectifiee\\backend\\src\\marketplace\\products\\products.service.ts:44:27\n\n  41 };\n  42 \n  43 const [products, total] = await Promise.all([\n→ 44   this.prisma.product.findMany({\n         where: {\n           status: \"ACTIF\"\n         },\n         include: {\n           artisan: {\n             select: {\n               id: true,\n               businessName: true,\n               quarter: true,\n               rating: true,\n               profilePhoto: true\n             }\n           }\n         },\n         orderBy: [\n           {\n             isVitrine: \"desc\"\n           },\n           {\n             viewCount: \"desc\"\n           }\n         ],\n         take: 20,\n       + skip: Int\n       })\n\nArgument `skip` is missing.\n    at wn (C:\\Users\\REALTECH\\Downloads\\NDOKETE-version-complete-rectifiee\\backend\\node_modules\\@prisma\\client\\runtime\\library.js:29:1363)\n    at $n.handleRequestError (C:\\Users\\REALTECH\\Downloads\\NDOKETE-version-complete-rectifiee\\backend\\node_modules\\@prisma\\client\\runtime\\library.js:121:6958)\n    at $n.handleAndLogRequestError (C:\\Users\\REALTECH\\Downloads\\NDOKETE-version-complete-rectifiee\\backend\\node_modules\\@prisma\\client\\runtime\\library.js:121:6623)\n    at $n.request (C:\\Users\\REALTECH\\Downloads\\NDOKETE-version-complete-rectifiee\\backend\\node_modules\\@prisma\\client\\runtime\\library.js:121:6307)\n    at async l (C:\\Users\\REALTECH\\Downloads\\NDOKETE-version-complete-rectifiee\\backend\\node_modules\\@prisma\\client\\runtime\\library.js:130:9633)\n    at async Promise.all (index 0)\n    at async ProductsService.getMarketplace (C:\\Users\\REALTECH\\Downloads\\NDOKETE-version-complete-rectifiee\\backend\\src\\marketplace\\products\\products.service.ts:43:31)"],"timestamp":"2026-10-06T17:05:26.323Z"}
{"context":"AllExceptionsFilter","level":"error","message":"GET /api/v1/marketplace?category=Maroquin - 500","stack":["PrismaClientValidationError: \nInvalid `this.prisma.product.findMany()` invocation in\nC:\\Users\\REALTECH\\Downloads\\NDOKETE-version-complete-rectifiee\\backend\\src\\marketplace\\products\\products.service.ts:44:27\n\n  41 };\n  42 \n  43 const [products, total] = await Promise.all([\n→ 44   this.prisma.product.findMany({\n         where: {\n           status: \"ACTIF\",\n           category: \"Maroquin\"\n         },\n         include: {\n           artisan: {\n             select: {\n               id: true,\n               businessName: true,\n               quarter: true,\n               rating: true,\n               profilePhoto: true\n             }\n           }\n         },\n         orderBy: [\n           {\n             isVitrine: \"desc\"\n           },\n           {\n             viewCount: \"desc\"\n           }\n         ],\n         take: 20,\n       + skip: Int\n       })\n\nArgument `skip` is missing.\n    at wn (C:\\Users\\REALTECH\\Downloads\\NDOKETE-version-complete-rectifiee\\backend\\node_modules\\@prisma\\client\\runtime\\library.js:29:1363)\n    at $n.handleRequestError (C:\\Users\\REALTECH\\Downloads\\NDOKETE-version-complete-rectifiee\\backend\\node_modules\\@prisma\\client\\runtime\\library.js:121:6958)\n    at $n.handleAndLogRequestError (C:\\Users\\REALTECH\\Downloads\\NDOKETE-version-complete-rectifiee\\backend\\node_modules\\@prisma\\client\\runtime\\library.js:121:6623)\n    at $n.request (C:\\Users\\REALTECH\\Downloads\\NDOKETE-version-complete-rectifiee\\backend\\node_modules\\@prisma\\client\\runtime\\library.js:121:6307)\n    at async l (C:\\Users\\REALTECH\\Downloads\\NDOKETE-version-complete-rectifiee\\backend\\node_modules\\@prisma\\client\\runtime\\library.js:130:9633)\n    at async Promise.all (index 0)\n    at async ProductsService.getMarketplace (C:\\Users\\REALTECH\\Downloads\\NDOKETE-version-complete-rectifiee\\backend\\src\\marketplace\\products\\products.service.ts:43:31)"],"timestamp":"2026-10-06T17:27:17.823Z"}
{"context":"AllExceptionsFilter","level":"error","message":"GET /api/v1/users/me - 401","stack":["UnauthorizedException: Unauthorized\n    at JwtAuthGuard.handleRequest (C:\\Users\\REALTECH\\Downloads\\NDOKETE-version-complete-rectifiee\\backend\\node_modules\\@nestjs\\passport\\dist\\auth.guard.js:60:30)\n    at C:\\Users\\REALTECH\\Downloads\\NDOKETE-version-complete-rectifiee\\backend\\node_modules\\@nestjs\\passport\\dist\\auth.guard.js:44:124\n    at C:\\Users\\REALTECH\\Downloads\\NDOKETE-version-complete-rectifiee\\backend\\node_modules\\@nestjs\\passport\\dist\\auth.guard.js:83:24\n    at allFailed (C:\\Users\\REALTECH\\Downloads\\NDOKETE-version-complete-rectifiee\\backend\\node_modules\\passport\\lib\\middleware\\authenticate.js:110:18)\n    at attempt (C:\\Users\\REALTECH\\Downloads\\NDOKETE-version-complete-rectifiee\\backend\\node_modules\\passport\\lib\\middleware\\authenticate.js:183:28)\n    at strategy.fail (C:\\Users\\REALTECH\\Downloads\\NDOKETE-version-complete-rectifiee\\backend\\node_modules\\passport\\lib\\middleware\\authenticate.js:314:9)\n    at C:\\Users\\REALTECH\\Downloads\\NDOKETE-version-complete-rectifiee\\backend\\node_modules\\passport-jwt\\lib\\strategy.js:106:33\n    at C:\\Users\\REALTECH\\Downloads\\NDOKETE-version-complete-rectifiee\\backend\\node_modules\\jsonwebtoken\\verify.js:190:16\n    at getSecret (C:\\Users\\REALTECH\\Downloads\\NDOKETE-version-complete-rectifiee\\backend\\node_modules\\jsonwebtoken\\verify.js:97:14)\n    at module.exports [as verify] (C:\\Users\\REALTECH\\Downloads\\NDOKETE-version-complete-rectifiee\\backend\\node_modules\\jsonwebtoken\\verify.js:101:10)"],"timestamp":"2026-10-06T17:27:26.251Z"}
